SEASON_ID,Player_ID,Game_ID,GAME_DATE,MATCHUP,WL,MIN,FGM,FGA,FG_PCT,FG3M,FG3A,FG3_PCT,FTM,FTA,FT_PCT,OREB,DREB,REB,AST,STL,BLK,TOV,PF,PTS,PLUS_MINUS,VIDEO_AVAILABLE
22024,1642261,0022400062,2024-10-22,LAL vs. MIN,W,16,2,4,0.5,1,3,0.333,0,0,0.0,0,1,1,2,1,0,1,1,5,7,1
22024,1630559,0022400062,2024-10-22,LAL vs. MIN,W,36,6,14,0.429,0,5,0.0,0,1,0.0,4,5,9,4,1,1,0,4,12,12,1
22024,1629637,0022400062,2024-10-22,LAL vs. MIN,W,15,4,5,0.8,0,0,0.0,2,2,1.0,3,1,4,0,0,1,0,3,10,-1,1
22024,1629060,0022400062,2024-10-22,LAL vs. MIN,W,35,7,14,0.5,1,4,0.25,3,4,0.75,3,2,5,1,2,1,0,2,18,19,1
22024,1629216,0022400062,2024-10-22,LAL vs. MIN,W,17,1,2,0.5,0,0,0.0,0,0,0.0,0,2,2,2,0,0,2,1,2,-2,1
22024,1642355,0022400062,2024-10-22,LAL vs. MIN,W,3,0,2,0.0,0,1,0.0,0,0,0.0,1,0,1,0,0,0,0,0,0,-5,1
22024,2544,0022400062,2024-10-22,LAL vs. MIN,W,35,7,16,0.438,1,4,0.25,1,1,1.0,0,5,5,4,0,2,2,3,16,-6,1
22024,1627827,0022400064,2024-10-23,BKN @ ATL,L,30,3,10,0.3,2,7,0.286,0,0,0.0,3,5,8,1,1,2,1,5,8,-4,1
22024,1629003,0022400064,2024-10-23,BKN @ ATL,L,6,0,1,0.0,0,0,0.0,0,0,0.0,0,0,0,0,0,0,0,0,0,8,1
22024,203458,0022400076,2024-10-24,SAC vs. MIN,L,6,1,1,1.0,0,0,0.0,1,2,0.5,0,2,2,0,0,1,1,1,3,0,1
22024,1629029,0022400074,2024-10-24,DAL vs. SAS,W,36,9,25,0.36,4,11,0.364,6,8,0.75,1,9,10,8,1,1,4,3,28,6,1
22024,1628467,0022400074,2024-10-24,DAL vs. SAS,W,15,1,3,0.333,1,1,1.0,0,0,0.0,0,4,4,1,0,1,0,1,3,18,1
22024,1629216,0022400085,2024-10-25,LAL vs. PHX,W,21,2,5,0.4,1,3,0.333,0,0,0.0,1,1,2,0,3,0,0,4,5,9,1
22024,1629003,0022400077,2024-10-25,BKN @ ORL,L,17,1,2,0.5,1,2,0.5,0,0,0.0,0,1,1,2,0,0,0,3,3,-12,1
22024,1629060,0022400085,2024-10-25,LAL vs. PHX,W,39,5,12,0.417,2,4,0.5,2,4,0.5,2,5,7,2,0,0,1,1,14,0,1
22024,1629637,0022400085,2024-10-25,LAL vs. PHX,W,18,3,3,1.0,0,0,0.0,0,0,0.0,1,5,6,4,1,1,1,3,6,5,1
22024,1630559,0022400085,2024-10-25,LAL vs. PHX,W,37,8,12,0.667,5,7,0.714,5,6,0.833,0,4,4,8,3,1,4,4,26,13,1
22024,1642261,0022400085,2024-10-25,LAL vs. PHX,W,13,2,5,0.4,2,4,0.5,2,2,1.0,0,1,1,2,1,0,0,0,8,13,1
22024,2544,0022400085,2024-10-25,LAL vs. PHX,W,35,7,13,0.538,2,5,0.4,5,8,0.625,0,4,4,8,0,0,2,1,21,14,1
22024,1627827,0022400077,2024-10-25,BKN @ ORL,L,26,6,10,0.6,3,6,0.5,0,0,0.0,3,3,6,0,1,0,1,1,15,4,1
22024,203458,0022400096,2024-10-26,SAC @ LAL,L,9,0,2,0.0,0,1,0.0,0,0,0.0,0,2,2,1,0,1,2,1,0,-9,1
22024,2544,0022400096,2024-10-26,LAL vs. SAC,W,34,12,22,0.545,4,9,0.444,4,4,1.0,0,14,14,10,0,1,5,3,32,13,1
22024,1629216,0022400096,2024-10-26,LAL vs. SAC,W,13,1,6,0.167,0,4,0.0,0,0,0.0,0,0,0,0,1,0,0,1,2,-5,1
22024,1629637,0022400096,2024-10-26,LAL vs. SAC,W,14,2,2,1.0,0,0,0.0,0,0,0.0,1,1,2,1,0,0,0,2,4,24,1
22024,1628467,0022400095,2024-10-26,DAL @ PHX,L,16,1,2,0.5,0,1,0.0,0,0,0.0,0,1,1,2,0,0,0,2,2,-4,1
22024,1629029,0022400095,2024-10-26,DAL @ PHX,L,39,12,25,0.48,5,13,0.385,11,12,0.917,1,9,10,4,0,1,2,4,40,-12,1
22024,1642261,0022400096,2024-10-26,LAL vs. SAC,W,20,4,7,0.571,2,5,0.4,0,0,0.0,0,0,0,1,0,0,1,3,10,16,1
22024,1629060,0022400096,2024-10-26,LAL vs. SAC,W,37,5,13,0.385,2,2,1.0,6,6,1.0,4,5,9,3,0,0,1,1,18,17,1
22024,1630559,0022400096,2024-10-26,LAL vs. SAC,W,34,7,12,0.583,2,4,0.5,0,0,0.0,4,3,7,6,0,0,6,3,16,-20,1
22024,1627827,0022400098,2024-10-27,BKN vs. MIL,W,25,1,8,0.125,1,7,0.143,0,0,0.0,1,2,3,2,2,0,0,3,3,-1,1
22024,1629003,0022400098,2024-10-27,BKN vs. MIL,W,2,0,0,0.0,0,0,0.0,0,0,0.0,0,0,0,1,0,0,0,0,0,-4,1
22024,1642261,0022400111,2024-10-28,LAL @ PHX,L,11,0,3,0.0,0,1,0.0,0,0,0.0,0,1,1,0,0,0,0,0,0,-13,1
22024,1629216,0022400111,2024-10-28,LAL @ PHX,L,19,1,3,0.333,1,2,0.5,0,0,0.0,0,0,0,0,0,0,0,0,3,-5,1
22024,1629029,0022400110,2024-10-28,DAL vs. UTA,W,33,5,22,0.227,1,9,0.111,4,6,0.667,0,9,9,8,2,1,2,5,15,5,1
22024,1630559,0022400111,2024-10-28,LAL @ PHX,L,38,8,15,0.533,5,9,0.556,2,3,0.667,0,8,8,3,2,0,1,3,23,12,1
22024,203458,0022400112,2024-10-28,SAC vs. POR,W,7,0,1,0.0,0,0,0.0,0,0,0.0,0,1,1,4,1,0,0,2,0,-5,1
22024,1629637,0022400111,2024-10-28,LAL @ PHX,L,12,0,0,0.0,0,0,0.0,0,0,0.0,0,4,4,0,0,0,3,2,0,-18,1
22024,1629060,0022400111,2024-10-28,LAL @ PHX,L,31,8,18,0.444,3,3,1.0,1,1,1.0,5,5,10,1,1,1,0,5,20,20,1
22024,2544,0022400111,2024-10-28,LAL @ PHX,L,36,3,14,0.214,2,5,0.4,3,6,0.5,0,5,5,8,1,0,2,1,11,-17,1
22024,1629003,0022400113,2024-10-29,BKN vs. DEN,L,17,1,5,0.2,1,5,0.2,0,0,0.0,0,1,1,2,1,0,0,2,3,8,1
22024,1629029,0022400114,2024-10-29,DAL @ MIN,W,40,10,27,0.37,1,8,0.125,3,4,0.75,1,7,8,8,1,0,3,2,24,3,1
22024,1627827,0022400113,2024-10-29,BKN vs. DEN,L,37,5,11,0.455,1,7,0.143,6,11,0.545,0,5,5,4,1,1,1,4,17,-3,1
22024,203458,0022400115,2024-10-29,SAC @ UTA,W,5,1,1,1.0,0,0,0.0,0,0,0.0,0,4,4,0,0,0,0,0,2,-7,1
22024,1642261,0022400118,2024-10-30,LAL @ CLE,L,22,6,12,0.5,2,7,0.286,4,4,1.0,0,3,3,1,0,0,1,1,18,-11,1
22024,1642355,0022400118,2024-10-30,LAL @ CLE,L,5,1,2,0.5,0,1,0.0,0,0,0.0,0,0,0,2,1,0,0,0,2,-2,1
22024,1641998,0022400126,2024-10-30,NOP @ GSW,L,1,1,2,0.5,0,0,0.0,0,0,0.0,2,0,2,0,0,0,0,0,2,0,1
22024,1629216,0022400118,2024-10-30,LAL @ CLE,L,16,2,5,0.4,1,3,0.333,0,0,0.0,0,0,0,0,0,0,1,0,5,-10,1
22024,1630559,0022400118,2024-10-30,LAL @ CLE,L,28,2,6,0.333,1,4,0.25,2,2,1.0,0,2,2,3,0,0,4,0,7,-14,1
22024,2544,0022400118,2024-10-30,LAL @ CLE,L,29,9,13,0.692,1,3,0.333,7,7,1.0,1,5,6,3,0,0,6,2,26,-17,1
22024,1629003,0022400124,2024-10-30,BKN @ MEM,W,1,0,0,0.0,0,0,0.0,0,0,0.0,0,1,1,0,0,0,0,0,0,0,1
22024,1627827,0022400124,2024-10-30,BKN @ MEM,W,28,3,8,0.375,1,4,0.25,0,0,0.0,1,4,5,4,2,0,3,4,7,13,1
22024,1629060,0022400118,2024-10-30,LAL @ CLE,L,28,4,6,0.667,0,1,0.0,0,0,0.0,0,5,5,2,1,0,2,1,8,-11,1
22024,1629637,0022400118,2024-10-30,LAL @ CLE,L,19,2,2,1.0,0,0,0.0,2,2,1.0,2,1,3,2,1,0,1,2,6,-11,1
22024,1629029,0022400129,2024-10-31,DAL vs. HOU,L,38,12,25,0.48,3,7,0.429,2,4,0.5,0,5,5,2,1,0,1,5,29,-2,1
22024,1629216,0022400137,2024-11-01,LAL @ TOR,W,21,1,6,0.167,0,4,0.0,0,0,0.0,1,2,3,2,0,0,0,4,2,-4,1
22024,1627827,0022400136,2024-11-01,BKN vs. CHI,W,28,4,8,0.5,1,4,0.25,0,0,0.0,1,4,5,0,2,1,0,5,9,-1,1
22024,1629060,0022400137,2024-11-01,LAL @ TOR,W,33,3,12,0.25,2,5,0.4,1,1,1.0,1,4,5,1,0,0,1,0,9,-6,1
22024,1630559,0022400137,2024-11-01,LAL @ TOR,W,34,4,13,0.308,0,6,0.0,12,14,0.857,0,1,1,6,2,1,1,3,20,-3,1
22024,1642355,0022400137,2024-11-01,LAL @ TOR,W,0,0,0,0.0,0,0,0.0,0,0,0.0,0,0,0,0,0,0,0,0,0,-2,1
22024,2544,0022400137,2024-11-01,LAL @ TOR,W,36,9,17,0.529,5,8,0.625,4,6,0.667,0,6,6,10,1,0,0,1,27,11,1
22024,1642261,0022400137,2024-11-01,LAL @ TOR,W,19,2,5,0.4,1,3,0.333,0,0,0.0,1,2,3,1,0,0,1,2,5,4,1
22024,1629637,0022400137,2024-11-01,LAL @ TOR,W,15,1,1,1.0,0,0,0.0,2,2,1.0,3,3,6,0,0,2,0,3,4,2,1
22024,1629003,0022400151,2024-11-03,BKN vs. DET,L,2,0,0,0.0,0,0,0.0,0,0,0.0,0,0,0,0,0,0,0,0,0,0,1
22024,1629029,0022400153,2024-11-03,DAL vs. ORL,W,32,11,22,0.5,5,13,0.385,5,7,0.714,1,8,9,7,0,0,4,3,32,21,1
22024,1627827,0022400151,2024-11-03,BKN vs. DET,L,28,3,5,0.6,2,3,0.667,1,1,1.0,2,1,3,0,2,1,2,3,9,-8,1
22024,1641998,0022400152,2024-11-03,NOP vs. ATL,L,4,0,2,0.0,0,0,0.0,0,0,0.0,1,2,3,0,0,0,0,0,0,4,1
22024,1630559,0022400156,2024-11-04,LAL @ DET,L,39,7,17,0.412,3,10,0.3,0,1,0.0,1,3,4,4,2,0,4,4,17,-14,1
22024,1629029,0022400165,2024-11-04,DAL vs. IND,L,42,9,24,0.375,4,10,0.4,12,15,0.8,0,7,7,15,2,0,2,3,34,-3,1
22024,1629637,0022400156,2024-11-04,LAL @ DET,L,9,2,5,0.4,0,0,0.0,1,3,0.333,3,0,3,0,1,0,0,0,5,-12,1
22024,2544,0022400156,2024-11-04,LAL @ DET,L,40,7,16,0.438,1,2,0.5,5,5,1.0,1,7,8,11,2,0,1,1,20,-16,1
22024,1629060,0022400156,2024-11-04,LAL @ DET,L,35,2,6,0.333,2,2,1.0,2,2,1.0,0,4,4,1,0,1,0,2,8,-7,1
22024,1641998,0022400164,2024-11-04,NOP vs. POR,L,2,1,1,1.0,0,0,0.0,0,0,0.0,1,0,1,1,0,0,0,0,2,0,1
22024,1627827,0022400158,2024-11-04,BKN vs. MEM,W,28,6,10,0.6,5,8,0.625,0,0,0.0,5,1,6,3,1,0,4,5,17,12,1
22024,1629003,0022400158,2024-11-04,BKN vs. MEM,W,12,1,2,0.5,1,2,0.5,2,2,1.0,2,2,4,0,0,0,1,0,5,-14,1
22024,203458,0022400159,2024-11-04,SAC @ MIA,W,10,0,1,0.0,0,1,0.0,0,0,0.0,0,1,1,1,1,1,1,1,0,-7,1
22024,1642261,0022400156,2024-11-04,LAL @ DET,L,9,2,2,1.0,1,1,1.0,0,0,0.0,0,0,0,0,0,0,0,1,5,-8,1
22024,1629216,0022400156,2024-11-04,LAL @ DET,L,18,0,0,0.0,0,0,0.0,0,0,0.0,0,0,0,0,1,0,1,0,0,-5,1
22024,202693,0022400176,2024-11-06,DAL vs. CHI,W,5,0,1,0.0,0,0,0.0,0,0,0.0,0,2,2,2,0,0,0,0,0,-8,1
22024,1629029,0022400176,2024-11-06,DAL vs. CHI,W,32,8,19,0.421,3,8,0.375,8,9,0.889,0,7,7,13,4,0,5,3,27,35,1
22024,2544,0022400174,2024-11-06,LAL @ MEM,L,35,15,24,0.625,6,11,0.545,3,4,0.75,0,7,7,6,1,0,5,2,39,-21,1
22024,1631132,0022400174,2024-11-06,LAL @ MEM,L,13,1,2,0.5,0,0,0.0,0,0,0.0,1,1,2,0,0,1,0,1,2,-4,1
22024,1642261,0022400174,2024-11-06,LAL @ MEM,L,27,1,7,0.143,1,7,0.143,0,0,0.0,3,1,4,2,1,0,1,2,3,-14,1
22024,1630559,0022400174,2024-11-06,LAL @ MEM,L,35,7,17,0.412,2,9,0.222,3,4,0.75,0,3,3,5,3,0,1,1,19,-9,1
22024,1629216,0022400174,2024-11-06,LAL @ MEM,L,23,2,8,0.25,1,6,0.167,1,2,0.5,0,1,1,1,0,0,2,1,6,-15,1
22024,1629637,0022400174,2024-11-06,LAL @ MEM,L,35,3,6,0.5,0,0,0.0,2,2,1.0,2,8,10,1,0,0,1,5,8,-13,1
22024,1642355,0022400174,2024-11-06,LAL @ MEM,L,5,0,2,0.0,0,2,0.0,2,2,1.0,0,0,0,0,0,0,0,1,2,3,1
22024,203458,0022400180,2024-11-06,SAC vs. TOR,W,14,1,1,1.0,0,0,0.0,1,2,0.5,0,6,6,0,0,4,1,1,3,-1,1
22024,1630559,0022400195,2024-11-08,LAL vs. PHI,W,30,7,13,0.538,6,10,0.6,0,0,0.0,0,6,6,7,0,1,2,1,20,14,1
22024,1627827,0022400187,2024-11-08,BKN @ BOS,L,31,2,6,0.333,1,3,0.333,0,0,0.0,2,3,5,2,0,1,1,5,5,0,1
22024,1629060,0022400195,2024-11-08,LAL vs. PHI,W,33,3,8,0.375,3,6,0.5,0,0,0.0,1,3,4,1,0,0,1,5,9,-4,1
22024,1629637,0022400195,2024-11-08,LAL vs. PHI,W,16,3,4,0.75,0,0,0.0,2,2,1.0,1,1,2,0,0,4,0,3,8,0,1
22024,2544,0022400195,2024-11-08,LAL vs. PHI,W,34,9,14,0.643,2,4,0.5,1,1,1.0,0,12,12,13,0,3,2,0,21,12,1
22024,1642261,0022400195,2024-11-08,LAL vs. PHI,W,16,1,8,0.125,0,5,0.0,0,0,0.0,0,4,4,0,0,0,0,0,2,17,1
22024,1641998,0022400186,2024-11-08,NOP @ ORL,L,13,0,1,0.0,0,0,0.0,0,0,0.0,1,2,3,0,0,0,2,5,0,10,1
22024,203458,0022400196,2024-11-08,SAC vs. LAC,L,9,0,0,0.0,0,0,0.0,0,0,0.0,0,3,3,0,0,0,0,1,0,-9,1
22024,1642355,0022400195,2024-11-08,LAL vs. PHI,W,1,0,0,0.0,0,0,0.0,0,0,0.0,0,0,0,0,0,0,0,0,0,-4,1
22024,1629029,0022400190,2024-11-08,DAL vs. PHX,L,42,11,25,0.44,5,12,0.417,3,3,1.0,0,7,7,7,1,0,3,3,30,-4,1
22024,1629216,0022400195,2024-11-08,LAL vs. PHI,W,16,1,2,0.5,0,1,0.0,0,0,0.0,0,0,0,0,0,0,0,3,2,4,1
22024,1631132,0022400195,2024-11-08,LAL vs. PHI,W,1,0,0,0.0,0,0,0.0,0,0,0.0,0,1,1,1,0,0,0,1,0,-4,1
22024,1629003,0022400199,2024-11-09,BKN @ CLE,L,18,1,3,0.333,1,3,0.333,0,0,0.0,0,0,0,1,1,0,0,2,3,-16,1
22024,1627827,0022400199,2024-11-09,BKN @ CLE,L,29,4,8,0.5,2,6,0.333,0,0,0.0,3,1,4,0,0,0,0,3,10,11,1
22024,1629637,0022400211,2024-11-10,LAL vs. TOR,W,21,4,6,0.667,0,0,0.0,4,6,0.667,3,3,6,1,0,1,0,4,12,21,1
22024,1629029,0022400208,2024-11-10,DAL @ DEN,L,41,9,19,0.474,2,8,0.25,4,6,0.667,1,8,9,9,1,1,5,2,24,5,1
22024,1630559,0022400211,2024-11-10,LAL vs. TOR,W,33,10,17,0.588,3,9,0.333,4,5,0.8,0,1,1,6,1,0,0,4,27,11,1
22024,1629216,0022400211,2024-11-10,LAL vs. TOR,W,18,2,5,0.4,1,3,0.333,0,0,0.0,0,1,1,0,1,0,1,1,5,13,1
22024,2544,0022400211,2024-11-10,LAL vs. TOR,W,35,6,14,0.429,0,3,0.0,7,7,1.0,2,8,10,16,1,0,3,0,19,13,1
22024,1642355,0022400211,2024-11-10,LAL vs. TOR,W,2,0,0,0.0,0,0,0.0,0,0,0.0,0,0,0,0,0,0,0,1,0,0,1
22024,1629060,0022400211,2024-11-10,LAL vs. TOR,W,32,2,11,0.182,0,5,0.0,0,0,0.0,3,2,5,0,2,1,0,2,4,6,1
22024,1642261,0022400211,2024-11-10,LAL vs. TOR,W,15,2,4,0.5,1,2,0.5,0,0,0.0,0,1,1,2,0,0,0,0,5,14,1
22024,203458,0022400216,2024-11-11,SAC @ SAS,L,1,0,0,0.0,0,0,0.0,0,0,0.0,0,0,0,0,0,0,0,0,0,-4,1
22024,1641998,0022400214,2024-11-11,NOP vs. BKN,L,9,1,2,0.5,0,0,0.0,0,0,0.0,3,1,4,1,1,1,0,1,2,2,1
22024,1629029,0022400007,2024-11-12,DAL @ GSW,L,41,13,27,0.481,2,10,0.2,3,3,1.0,0,8,8,6,3,0,5,2,31,2,1
22024,1642261,0022400225,2024-11-13,LAL vs. MEM,W,31,7,8,0.875,5,5,1.0,0,0,0.0,0,2,2,3,1,0,1,4,19,17,1
22024,1629216,0022400225,2024-11-13,LAL vs. MEM,W,13,0,6,0.0,0,4,0.0,0,0,0.0,0,0,0,0,0,0,0,2,0,6,1
22024,203458,0022400227,2024-11-13,SAC vs. PHX,W,5,2,2,1.0,0,0,0.0,0,0,0.0,1,1,2,1,0,0,0,1,4,5,1
22024,1641998,0022400221,2024-11-13,NOP @ OKC,L,18,2,3,0.667,0,0,0.0,2,4,0.5,4,4,8,2,0,2,3,3,6,0,1
22024,1631132,0022400225,2024-11-13,LAL vs. MEM,W,13,2,2,1.0,0,0,0.0,0,0,0.0,0,1,1,0,1,0,2,1,4,6,1
22024,1629003,0022400218,2024-11-13,BKN vs. BOS,L,24,3,5,0.6,2,3,0.667,0,0,0.0,0,0,0,8,0,0,1,0,8,-16,1
22024,2544,0022400225,2024-11-13,LAL vs. MEM,W,37,13,22,0.591,4,7,0.571,5,8,0.625,1,11,12,14,1,0,6,2,35,3,1
22024,1630559,0022400225,2024-11-13,LAL vs. MEM,W,36,5,14,0.357,3,11,0.273,5,7,0.714,0,2,2,6,1,0,3,4,18,-1,1
22024,1629060,0022400225,2024-11-13,LAL vs. MEM,W,36,6,7,0.857,3,4,0.75,4,5,0.8,3,4,7,3,1,1,1,1,19,7,1
22024,1628467,0022400228,2024-11-14,DAL @ UTA,L,17,1,2,0.5,0,1,0.0,1,2,0.5,0,0,0,0,0,0,0,2,3,-5,1
22024,1629029,0022400228,2024-11-14,DAL @ UTA,L,38,13,25,0.52,4,13,0.308,7,7,1.0,1,6,7,9,1,0,3,0,37,-8,1
22024,1630559,0022400015,2024-11-15,LAL @ SAS,W,32,6,12,0.5,5,9,0.556,2,2,1.0,1,2,3,6,0,0,0,3,19,-8,1
22024,1629216,0022400015,2024-11-15,LAL @ SAS,W,20,2,4,0.5,1,2,0.5,1,2,0.5,1,1,2,0,3,0,0,1,6,13,1
22024,1642261,0022400015,2024-11-15,LAL @ SAS,W,26,6,11,0.545,2,4,0.5,0,0,0.0,1,2,3,0,0,0,0,0,14,-9,1
22024,2544,0022400015,2024-11-15,LAL @ SAS,W,38,6,12,0.5,1,4,0.25,2,4,0.5,1,15,16,12,1,0,7,0,15,3,1
22024,203458,0022400020,2024-11-15,SAC vs. MIN,L,9,1,2,0.5,0,1,0.0,0,0,0.0,0,1,1,0,0,0,0,2,2,-14,1
22024,1629003,0022400014,2024-11-15,BKN @ NYK,L,6,1,3,0.333,0,1,0.0,0,0,0.0,2,0,2,0,0,0,0,2,2,-12,1
22024,1631132,0022400015,2024-11-15,LAL @ SAS,W,10,1,2,0.5,0,0,0.0,0,0,0.0,0,0,0,0,0,0,0,2,2,-6,1
22024,1627827,0022400014,2024-11-15,BKN @ NYK,L,32,4,9,0.444,4,6,0.667,3,4,0.75,2,2,4,3,0,1,0,1,15,19,1
22024,1641998,0022400017,2024-11-15,NOP vs. DEN,W,15,2,3,0.667,0,0,0.0,2,2,1.0,2,1,3,1,0,1,1,4,6,5,1
22024,2544,0022400231,2024-11-16,LAL @ NOP,W,37,8,19,0.421,2,7,0.286,3,5,0.6,4,3,7,5,1,0,6,1,21,1,1
22024,1629029,0022400232,2024-11-16,DAL vs. SAS,W,28,6,16,0.375,3,9,0.333,1,3,0.333,2,4,6,6,2,0,4,4,16,15,1
22024,1631132,0022400231,2024-11-16,LAL @ NOP,W,11,3,4,0.75,0,1,0.0,0,0,0.0,4,2,6,1,1,1,0,1,6,3,1
22024,1629216,0022400231,2024-11-16,LAL @ NOP,W,22,0,2,0.0,0,2,0.0,0,0,0.0,1,1,2,2,0,0,0,1,0,-9,1
22024,203458,0022400233,2024-11-16,SAC vs. UTA,W,13,4,5,0.8,0,0,0.0,0,0,0.0,4,1,5,2,0,1,0,2,8,4,1
22024,1641998,0022400231,2024-11-16,NOP vs. LAL,L,19,3,4,0.75,0,0,0.0,2,2,1.0,0,2,2,0,1,0,0,3,8,-3,1
22024,1630559,0022400231,2024-11-16,LAL @ NOP,W,41,3,15,0.2,2,9,0.222,2,2,1.0,1,1,2,7,1,0,0,1,10,9,1
22024,1628467,0022400232,2024-11-16,DAL vs. SAS,W,12,1,2,0.5,0,0,0.0,0,0,0.0,1,3,4,0,0,0,0,0,2,9,1
22024,202693,0022400232,2024-11-16,DAL vs. SAS,W,5,1,5,0.2,0,2,0.0,0,0,0.0,0,2,2,0,0,0,0,0,2,-1,1
22024,1642261,0022400231,2024-11-16,LAL @ NOP,W,37,10,17,0.588,5,10,0.5,2,2,1.0,2,5,7,2,2,0,0,1,27,11,1
22024,1628467,0022400242,2024-11-17,DAL @ OKC,W,14,1,1,1.0,0,0,0.0,0,0,0.0,0,2,2,0,0,0,3,4,2,-7,1
22024,1629003,0022400240,2024-11-17,BKN @ NYK,L,1,0,0,0.0,0,0,0.0,0,0,0.0,0,0,0,0,0,0,0,0,0,3,1
22024,1627827,0022400240,2024-11-17,BKN @ NYK,L,28,6,11,0.545,4,7,0.571,0,0,0.0,3,1,4,2,0,1,1,2,16,0,1
22024,203458,0022400250,2024-11-18,SAC vs. ATL,L,17,1,2,0.5,0,1,0.0,0,0,0.0,1,2,3,1,0,3,1,2,2,-5,1
22024,2544,0022400026,2024-11-19,LAL vs. UTA,W,34,9,17,0.529,1,5,0.2,7,11,0.636,0,2,2,12,0,0,4,1,26,-5,1
22024,1629216,0022400026,2024-11-19,LAL vs. UTA,W,19,1,3,0.333,1,2,0.5,0,0,0.0,0,2,2,1,1,0,0,3,3,8,1
22024,1627827,0022400022,2024-11-19,BKN vs. CHA,W,27,5,6,0.833,4,5,0.8,1,2,0.5,1,2,3,3,1,0,1,3,15,17,1
22024,1641998,0022400024,2024-11-19,NOP @ DAL,L,17,1,2,0.5,0,0,0.0,0,0,0.0,0,1,1,1,2,0,2,2,2,-14,1
22024,1628467,0022400024,2024-11-19,DAL vs. NOP,W,17,1,1,1.0,0,0,0.0,0,0,0.0,0,6,6,0,0,2,0,1,2,30,1
22024,1630559,0022400026,2024-11-19,LAL vs. UTA,W,33,6,14,0.429,3,7,0.429,2,2,1.0,0,0,0,5,0,0,3,1,17,4,1
22024,1629029,0022400024,2024-11-19,DAL vs. NOP,W,30,10,16,0.625,3,8,0.375,3,5,0.6,0,5,5,5,3,1,3,0,26,28,1
22024,1642261,0022400026,2024-11-19,LAL vs. UTA,W,38,12,16,0.75,9,12,0.75,4,5,0.8,0,5,5,0,1,0,0,2,37,18,1
22024,1629003,0022400022,2024-11-19,BKN vs. CHA,W,18,3,5,0.6,1,2,0.5,0,1,0.0,1,0,1,3,0,0,0,0,7,-9,1
22024,1631132,0022400026,2024-11-19,LAL vs. UTA,W,14,1,1,1.0,0,0,0.0,0,0,0.0,1,2,3,0,0,0,1,1,2,2,1
22024,1641998,0022400252,2024-11-20,NOP @ CLE,L,15,0,3,0.0,0,0,0.0,0,2,0.0,1,1,2,1,1,1,0,0,0,-6,1
22024,1630559,0022400263,2024-11-21,LAL vs. ORL,L,33,3,12,0.25,1,4,0.25,2,5,0.4,1,1,2,3,1,0,2,0,9,-8,1
22024,2544,0022400263,2024-11-21,LAL vs. ORL,L,37,12,22,0.545,5,9,0.556,2,4,0.5,2,8,10,7,0,1,4,0,31,-8,1
22024,1629216,0022400263,2024-11-21,LAL vs. ORL,L,14,0,0,0.0,0,0,0.0,0,0,0.0,0,0,0,0,0,0,0,2,0,6,1
22024,1631132,0022400263,2024-11-21,LAL vs. ORL,L,10,0,0,0.0,0,0,0.0,2,2,1.0,0,1,1,1,0,1,1,1,2,-1,1
22024,1642261,0022400263,2024-11-21,LAL vs. ORL,L,39,7,14,0.5,3,7,0.429,0,0,0.0,0,4,4,1,0,0,0,3,17,5,1
22024,1627827,0022400027,2024-11-22,BKN @ PHI,L,26,2,6,0.333,1,5,0.2,0,0,0.0,0,2,2,1,0,0,0,1,5,-2,1
22024,1641998,0022400032,2024-11-22,NOP vs. GSW,L,12,1,1,1.0,0,0,0.0,0,1,0.0,1,3,4,0,1,0,0,2,2,-7,1
22024,1628467,0022400033,2024-11-22,DAL @ DEN,W,11,0,0,0.0,0,0,0.0,0,0,0.0,0,2,2,2,0,0,0,6,0,-11,1
22024,1631132,0022400270,2024-11-23,LAL vs. DEN,L,10,0,0,0.0,0,0,0.0,0,0,0.0,0,3,3,0,1,1,0,1,0,8,1
22024,1629060,0022400270,2024-11-23,LAL vs. DEN,L,22,4,7,0.571,2,4,0.5,0,0,0.0,1,1,2,3,1,0,0,1,10,-13,1
22024,1630559,0022400270,2024-11-23,LAL vs. DEN,L,32,7,13,0.538,3,7,0.429,2,2,1.0,1,2,3,6,1,0,3,1,19,-22,1
22024,1642261,0022400270,2024-11-23,LAL vs. DEN,L,28,3,7,0.429,1,4,0.25,2,2,1.0,1,4,5,1,0,0,0,1,9,-17,1
22024,2544,0022400270,2024-11-23,LAL vs. DEN,L,35,7,17,0.412,1,4,0.25,3,3,1.0,0,6,6,7,3,0,6,3,18,-25,1
22024,1629216,0022400270,2024-11-23,LAL vs. DEN,L,14,3,5,0.6,1,3,0.333,0,0,0.0,0,0,0,1,0,0,1,3,7,3,1
22024,1629003,0022400276,2024-11-24,BKN @ SAC,W,21,4,6,0.667,2,4,0.5,0,0,0.0,0,2,2,3,1,0,1,1,10,10,1
22024,1628467,0022400273,2024-11-24,DAL @ MIA,L,9,0,4,0.0,0,2,0.0,0,0,0.0,0,1,1,1,0,0,1,3,0,-8,1
22024,203458,0022400276,2024-11-24,SAC vs. BKN,L,0,0,0,0.0,0,0,0.0,0,0,0.0,0,0,0,0,0,0,0,0,0,-3,1
22024,1628467,0022400280,2024-11-25,DAL @ ATL,W,20,3,4,0.75,1,1,1.0,0,0,0.0,1,6,7,1,1,1,1,2,7,15,1
22024,1629003,0022400284,2024-11-25,BKN @ GSW,W,28,5,10,0.5,2,3,0.667,1,2,0.5,0,3,3,3,0,0,1,1,13,11,1
22024,203458,0022400285,2024-11-25,SAC vs. OKC,L,3,0,1,0.0,0,0,0.0,0,0,0.0,0,0,0,0,0,0,0,0,0,0,1
22024,2544,0022400039,2024-11-26,LAL @ PHX,L,35,7,16,0.438,2,7,0.286,2,2,1.0,1,7,8,10,0,0,5,0,18,-30,1
22024,1631132,0022400039,2024-11-26,LAL @ PHX,L,1,0,0,0.0,0,0,0.0,0,0,0.0,0,0,0,0,0,0,0,0,0,0,1
22024,1629060,0022400039,2024-11-26,LAL @ PHX,L,23,3,8,0.375,1,4,0.25,0,0,0.0,0,1,1,1,0,0,0,1,7,-10,1
22024,1642261,0022400039,2024-11-26,LAL @ PHX,L,19,2,7,0.286,1,4,0.25,2,3,0.667,1,3,4,0,0,0,0,0,7,-20,1
22024,1629637,0022400039,2024-11-26,LAL @ PHX,L,17,2,2,1.0,0,0,0.0,3,4,0.75,2,2,4,0,1,0,2,1,7,-8,1
22024,1630559,0022400039,2024-11-26,LAL @ PHX,L,31,6,12,0.5,2,6,0.333,1,1,1.0,1,2,3,2,2,0,1,0,15,-16,1
22024,1629216,0022400039,2024-11-26,LAL @ PHX,L,14,1,4,0.25,1,4,0.25,0,0,0.0,0,2,2,1,0,1,0,0,3,4,1
22024,1629003,0022400297,2024-11-27,BKN @ PHX,W,21,1,2,0.5,0,1,0.0,0,0,0.0,0,1,1,5,1,0,0,2,2,4,1
22024,1630559,0022400296,2024-11-27,LAL @ SAS,W,31,5,11,0.455,3,6,0.5,0,0,0.0,0,2,2,2,0,0,3,1,13,8,1
22024,1642261,0022400296,2024-11-27,LAL @ SAS,W,31,8,15,0.533,4,10,0.4,0,0,0.0,0,8,8,1,2,0,1,2,20,9,1
22024,1629216,0022400296,2024-11-27,LAL @ SAS,W,6,0,0,0.0,0,0,0.0,0,0,0.0,0,0,0,0,0,0,0,1,0,1,1
22024,1631132,0022400296,2024-11-27,LAL @ SAS,W,8,2,3,0.667,0,0,0.0,0,0,0.0,1,0,1,0,1,0,0,2,4,4,1
22024,2544,0022400296,2024-11-27,LAL @ SAS,W,33,8,18,0.444,0,2,0.0,0,0,0.0,3,7,10,11,1,1,5,0,16,4,1
22024,1628467,0022400292,2024-11-27,DAL vs. NYK,W,24,0,0,0.0,0,0,0.0,1,2,0.5,0,1,1,0,0,0,1,3,1,15,1
22024,1641998,0022400295,2024-11-27,NOP vs. TOR,L,6,2,2,1.0,0,0,0.0,0,0,0.0,0,1,1,1,0,0,2,2,4,2,1
22024,1627827,0022400297,2024-11-27,BKN @ PHX,W,32,3,6,0.5,3,5,0.6,0,0,0.0,0,1,1,2,1,0,1,1,9,-1,1
22024,203458,0022400294,2024-11-27,SAC @ MIN,W,6,0,0,0.0,0,0,0.0,0,0,0.0,0,1,1,1,1,0,0,0,0,2,1
22024,1629060,0022400296,2024-11-27,LAL @ SAS,W,26,5,9,0.556,2,4,0.5,4,4,1.0,2,3,5,2,0,1,0,3,16,-1,1
22024,2544,0022400048,2024-11-29,LAL vs. OKC,L,34,5,13,0.385,0,4,0.0,2,2,1.0,0,8,8,6,0,0,5,0,12,-12,1
22024,1642261,0022400048,2024-11-29,LAL vs. OKC,L,33,7,17,0.412,6,13,0.462,0,0,0.0,1,5,6,4,0,0,0,2,20,-10,1
22024,1629060,0022400048,2024-11-29,LAL vs. OKC,L,30,4,7,0.571,0,1,0.0,0,0,0.0,3,2,5,2,1,2,1,1,8,-8,1
22024,1630559,0022400048,2024-11-29,LAL vs. OKC,L,29,3,11,0.273,1,9,0.111,4,5,0.8,1,4,5,3,0,0,5,3,11,-8,1
22024,1629003,0022400043,2024-11-29,BKN vs. ORL,L,34,7,13,0.538,2,4,0.5,6,7,0.857,1,1,2,4,1,0,3,1,22,-8,1
22024,1629216,0022400048,2024-11-29,LAL vs. OKC,L,15,1,1,1.0,0,0,0.0,0,2,0.0,1,0,1,0,0,0,0,2,2,-7,1
22024,1628467,0022400304,2024-11-30,DAL @ UTA,W,29,0,1,0.0,0,0,0.0,0,0,0.0,0,4,4,0,1,1,2,3,0,-2,1
22024,1641998,0022400308,2024-12-01,NOP @ NYK,L,15,0,2,0.0,0,0,0.0,0,2,0.0,0,3,3,0,0,1,0,2,0,-7,1
22024,1629060,0022400311,2024-12-01,LAL @ UTA,W,40,5,11,0.455,2,8,0.25,1,2,0.5,3,4,7,3,2,0,0,4,13,-2,1
22024,1629029,0022400312,2024-12-01,DAL @ POR,W,36,15,24,0.625,4,10,0.4,2,4,0.5,0,7,7,13,3,0,3,2,36,1,1
22024,1642261,0022400311,2024-12-01,LAL @ UTA,W,30,2,10,0.2,1,5,0.2,1,2,0.5,3,4,7,1,1,0,0,5,6,-19,1
22024,1629003,0022400305,2024-12-01,BKN vs. ORL,L,20,2,4,0.5,1,3,0.333,1,2,0.5,0,2,2,0,0,0,1,2,6,2,1
22024,1631132,0022400311,2024-12-01,LAL @ UTA,W,9,0,0,0.0,0,0,0.0,0,0,0.0,0,1,1,0,0,0,0,0,0,-5,1
22024,2544,0022400311,2024-12-01,LAL @ UTA,W,36,12,28,0.429,0,9,0.0,3,3,1.0,1,4,5,14,0,2,3,1,27,0,1
22024,1628467,0022400312,2024-12-01,DAL @ POR,W,27,0,5,0.0,0,2,0.0,2,2,1.0,3,4,7,0,0,0,1,1,2,-1,1
22024,1629216,0022400311,2024-12-01,LAL @ UTA,W,31,4,5,0.8,2,3,0.667,0,0,0.0,0,3,3,2,1,0,0,3,10,-8,1
22024,1631132,0022400318,2024-12-02,LAL @ MIN,L,8,1,2,0.5,0,1,0.0,0,0,0.0,0,2,2,0,0,0,1,1,2,-4,1
22024,1629003,0022400317,2024-12-02,BKN @ CHI,L,35,6,17,0.353,2,4,0.5,0,0,0.0,3,3,6,5,1,1,3,1,14,-16,1
22024,1642261,0022400318,2024-12-02,LAL @ MIN,L,28,3,8,0.375,0,5,0.0,0,2,0.0,0,3,3,0,0,0,1,1,6,-13,1
22024,2544,0022400318,2024-12-02,LAL @ MIN,L,31,4,16,0.25,0,4,0.0,2,4,0.5,3,5,8,4,0,0,6,1,10,-28,1
22024,1629060,0022400318,2024-12-02,LAL @ MIN,L,29,4,5,0.8,0,1,0.0,2,2,1.0,1,3,4,2,2,0,2,2,10,-11,1
22024,1629216,0022400318,2024-12-02,LAL @ MIN,L,22,2,5,0.4,1,4,0.25,0,0,0.0,0,1,1,0,2,0,0,2,5,-20,1
22024,1629029,0022400056,2024-12-03,DAL vs. MEM,W,40,11,22,0.5,5,9,0.556,10,16,0.625,3,9,12,4,4,1,3,4,37,16,1
22024,1628467,0022400056,2024-12-03,DAL vs. MEM,W,10,0,1,0.0,0,1,0.0,0,0,0.0,1,2,3,0,0,0,1,0,0,-17,1
22024,203458,0022400059,2024-12-03,SAC vs. HOU,W,2,0,1,0.0,0,0,0.0,0,0,0.0,1,0,1,0,0,0,0,0,0,-6,1
22024,1631132,0022400321,2024-12-04,LAL @ MIA,L,13,2,3,0.667,0,0,0.0,0,0,0.0,3,1,4,0,0,0,0,2,4,-12,1
22024,2544,0022400321,2024-12-04,LAL @ MIA,L,29,12,18,0.667,1,4,0.25,4,4,1.0,1,4,5,8,1,0,5,2,29,-21,1
22024,1629003,0022400320,2024-12-04,BKN vs. IND,W,28,6,11,0.545,1,4,0.25,2,3,0.667,0,3,3,4,2,0,0,4,15,21,1
22024,1629060,0022400321,2024-12-04,LAL @ MIA,L,26,6,7,0.857,1,2,0.5,1,1,1.0,0,3,3,1,0,1,1,0,14,-27,1
22024,1642261,0022400321,2024-12-04,LAL @ MIA,L,23,1,4,0.25,0,2,0.0,0,0,0.0,1,1,2,1,2,1,3,0,2,-20,1
22024,1629216,0022400321,2024-12-04,LAL @ MIA,L,24,3,11,0.273,1,5,0.2,2,2,1.0,1,1,2,3,3,0,1,1,9,-11,1
22024,202693,0022400326,2024-12-05,DAL @ WAS,W,8,1,3,0.333,1,1,1.0,0,0,0.0,0,1,1,0,0,1,2,0,3,1,1
22024,1629029,0022400326,2024-12-05,DAL @ WAS,W,32,7,17,0.412,3,10,0.3,4,5,0.8,0,10,10,10,2,1,4,2,21,36,1
22024,1628467,0022400326,2024-12-05,DAL @ WAS,W,17,0,0,0.0,0,0,0.0,0,0,0.0,0,0,0,1,0,2,0,1,0,27,1
22024,203458,0022400337,2024-12-06,SAC @ SAS,W,4,1,2,0.5,0,0,0.0,0,0,0.0,0,0,0,1,0,0,0,0,2,0,1
22024,2544,0022400334,2024-12-06,LAL @ ATL,L,43,14,25,0.56,6,11,0.545,5,6,0.833,0,10,10,11,2,3,4,3,39,3,1
22024,1642261,0022400334,2024-12-06,LAL @ ATL,L,28,6,11,0.545,2,6,0.333,0,0,0.0,0,3,3,2,0,0,0,3,14,-2,1
22024,1629060,0022400334,2024-12-06,LAL @ ATL,L,41,5,6,0.833,2,2,1.0,0,0,0.0,2,7,9,1,2,2,0,2,12,5,1
22024,1629216,0022400334,2024-12-06,LAL @ ATL,L,34,5,11,0.455,2,4,0.5,0,0,0.0,0,1,1,5,2,1,0,5,12,4,1
22024,1629029,0022400344,2024-12-07,DAL @ TOR,W,38,9,20,0.45,6,13,0.462,6,6,1.0,0,13,13,11,4,0,4,4,30,10,1
22024,1629216,0022400358,2024-12-08,LAL vs. POR,W,25,1,4,0.25,1,2,0.5,0,0,0.0,1,0,1,0,3,0,2,4,3,16,1
22024,1631132,0022400358,2024-12-08,LAL vs. POR,W,16,1,3,0.333,0,0,0.0,0,0,0.0,3,3,6,1,0,0,0,3,2,5,1
22024,1642355,0022400358,2024-12-08,LAL vs. POR,W,3,0,2,0.0,0,0,0.0,0,0,0.0,0,0,0,0,0,1,0,0,0,-9,1
22024,1629003,0022400348,2024-12-08,BKN vs. MIL,L,16,2,4,0.5,2,4,0.5,0,0,0.0,0,1,1,0,0,0,2,2,6,-9,1
22024,1642261,0022400358,2024-12-08,LAL vs. POR,W,22,3,9,0.333,0,3,0.0,0,0,0.0,1,7,8,1,1,0,2,3,6,0,1
22024,1627827,0022400348,2024-12-08,BKN vs. MIL,L,31,3,7,0.429,3,5,0.6,0,0,0.0,0,4,4,1,1,0,0,4,9,2,1
22024,1641998,0022400354,2024-12-08,NOP @ SAS,L,3,0,1,0.0,0,0,0.0,0,2,0.0,1,0,1,0,0,0,0,0,0,0,1
22024,1629060,0022400358,2024-12-08,LAL vs. POR,W,39,9,13,0.692,3,5,0.6,2,2,1.0,1,4,5,2,4,1,1,3,23,31,1
22024,203458,0022400357,2024-12-08,SAC vs. UTA,W,8,0,0,0.0,0,0,0.0,0,0,0.0,1,0,1,3,0,0,0,1,0,9,1
22024,1629029,0022401203,2024-12-10,DAL @ OKC,L,40,5,15,0.333,2,8,0.25,4,5,0.8,1,10,11,5,4,0,6,3,16,-14,1
22024,203458,0022401207,2024-12-12,SAC @ NOP,W,6,0,0,0.0,0,0,0.0,0,0,0.0,1,0,1,1,0,0,0,1,0,4,1
22024,1641998,0022401207,2024-12-12,NOP vs. SAC,L,3,0,0,0.0,0,0,0.0,1,2,0.5,0,0,0,0,1,0,0,0,1,-1,1
22024,1642261,0022401210,2024-12-13,LAL @ MIN,L,19,2,5,0.4,0,3,0.0,2,4,0.5,2,7,9,1,0,0,1,1,6,-7,1
22024,1631132,0022401210,2024-12-13,LAL @ MIN,L,12,0,0,0.0,0,0,0.0,0,0,0.0,0,6,6,0,1,2,0,2,0,12,1
22024,1627827,0022401211,2024-12-13,BKN @ MEM,L,30,5,8,0.625,5,8,0.625,4,5,0.8,1,4,5,1,2,2,0,1,19,-20,1
22024,1629216,0022401210,2024-12-13,LAL @ MIN,L,25,2,7,0.286,2,4,0.5,0,0,0.0,1,1,2,2,1,1,3,4,6,-5,1
22024,1629060,0022401210,2024-12-13,LAL @ MIN,L,39,4,13,0.308,0,2,0.0,1,2,0.5,2,5,7,3,2,0,3,2,9,-18,1
22024,1629003,0022401211,2024-12-13,BKN @ MEM,L,16,4,8,0.5,0,3,0.0,4,5,0.8,2,2,4,3,2,0,0,1,12,7,1
22024,1630559,0022401210,2024-12-13,LAL @ MIN,L,30,6,16,0.375,4,8,0.5,2,2,1.0,2,4,6,6,0,0,2,5,18,-2,1
22024,1629060,0022401220,2024-12-15,LAL vs. MEM,W,38,2,5,0.4,0,1,0.0,4,6,0.667,1,5,6,1,1,1,3,5,8,13,1
22024,1630559,0022401220,2024-12-15,LAL vs. MEM,W,36,6,15,0.4,2,8,0.25,5,5,1.0,0,2,2,8,2,0,1,4,19,11,1
22024,1629029,0022401228,2024-12-15,DAL @ GSW,W,38,16,23,0.696,6,11,0.545,7,9,0.778,2,9,11,13,3,2,3,1,45,18,1
22024,1642261,0022401220,2024-12-15,LAL vs. MEM,W,13,2,4,0.5,0,2,0.0,1,2,0.5,0,3,3,0,0,0,2,1,5,-2,1
22024,2544,0022401220,2024-12-15,LAL vs. MEM,W,34,7,17,0.412,3,6,0.5,1,4,0.25,4,4,8,8,1,2,5,2,18,0,1
22024,1631132,0022401220,2024-12-15,LAL vs. MEM,W,12,0,0,0.0,0,0,0.0,1,2,0.5,0,0,0,0,0,0,0,2,1,-11,1
22024,1629216,0022401220,2024-12-15,LAL vs. MEM,W,14,1,3,0.333,1,3,0.333,0,0,0.0,0,2,2,0,1,2,1,1,3,-3,1
22024,1629003,0022401224,2024-12-16,BKN vs. CLE,L,17,2,9,0.222,1,2,0.5,0,0,0.0,2,3,5,1,0,0,1,6,5,-13,1
22024,203458,0022401225,2024-12-16,SAC vs. DEN,L,2,0,0,0.0,0,0,0.0,0,0,0.0,0,0,0,0,0,0,0,1,0,1,1
22024,1627827,0022401224,2024-12-16,BKN vs. CLE,L,24,4,8,0.5,2,4,0.5,0,0,0.0,0,4,4,1,0,0,1,2,10,-10,1
22024,203458,0022400372,2024-12-19,SAC vs. LAL,L,5,1,2,0.5,0,0,0.0,1,3,0.333,1,0,1,1,0,1,0,0,3,2,1
22024,1631132,0022400372,2024-12-19,LAL @ SAC,W,4,0,2,0.0,0,0,0.0,0,0,0.0,0,1,1,0,0,1,0,1,0,-6,1
22024,1629003,0022400364,2024-12-19,BKN @ TOR,W,29,5,10,0.5,0,4,0.0,2,2,1.0,1,2,3,2,0,0,1,1,12,10,1
22024,1642261,0022400372,2024-12-19,LAL @ SAC,W,10,1,4,0.25,0,2,0.0,0,0,0.0,0,1,1,0,0,0,0,1,2,-4,1
22024,1629216,0022400372,2024-12-19,LAL @ SAC,W,22,4,5,0.8,4,5,0.8,0,0,0.0,2,3,5,3,0,0,0,4,12,4,1
22024,1629060,0022400372,2024-12-19,LAL @ SAC,W,37,3,9,0.333,1,4,0.25,3,4,0.75,1,4,5,2,0,1,4,1,10,21,1
22024,2544,0022400372,2024-12-19,LAL @ SAC,W,34,8,21,0.381,1,4,0.25,2,2,1.0,0,6,6,7,0,1,2,1,19,13,1
22024,1628467,0022400368,2024-12-19,DAL vs. LAC,L,13,0,1,0.0,0,0,0.0,0,0,0.0,1,1,2,0,0,0,0,0,0,-6,1
22024,1627827,0022400364,2024-12-19,BKN @ TOR,W,32,3,7,0.429,2,4,0.5,0,0,0.0,1,4,5,1,1,2,0,0,8,19,1
22024,1641998,0022400365,2024-12-19,NOP @ HOU,L,15,1,3,0.333,0,0,0.0,1,4,0.25,5,1,6,2,0,0,0,3,3,-3,1
22024,202693,0022400368,2024-12-19,DAL vs. LAC,L,3,0,0,0.0,0,0,0.0,0,0,0.0,0,0,0,0,0,0,0,0,0,-6,1
22024,1630559,0022400372,2024-12-19,LAL @ SAC,W,35,7,14,0.5,3,7,0.429,8,9,0.889,0,6,6,5,2,0,1,0,25,9,1
22024,1629060,0022400376,2024-12-21,LAL @ SAC,W,38,4,8,0.5,1,5,0.2,0,0,0.0,3,8,11,1,1,1,0,2,9,10,1
22024,1630559,0022400376,2024-12-21,LAL @ SAC,W,36,6,14,0.429,1,7,0.143,3,5,0.6,2,2,4,5,0,0,2,1,16,10,1
22024,2544,0022400376,2024-12-21,LAL @ SAC,W,34,13,24,0.542,1,8,0.125,5,6,0.833,0,7,7,6,4,0,4,2,32,10,1
22024,203458,0022400376,2024-12-21,SAC vs. LAL,L,0,0,0,0.0,0,0,0.0,0,0,0.0,0,0,0,0,0,0,0,0,0,-2,1
22024,1628467,0022400385,2024-12-21,DAL vs. LAC,W,17,0,3,0.0,0,2,0.0,1,2,0.5,1,1,2,1,1,0,0,1,1,3,1
22024,1629216,0022400376,2024-12-21,LAL @ SAC,W,16,2,3,0.667,2,3,0.667,0,0,0.0,0,0,0,0,1,0,0,2,6,-4,1
22024,1631132,0022400376,2024-12-21,LAL @ SAC,W,3,0,0,0.0,0,0,0.0,0,0,0.0,0,0,0,0,0,0,0,1,0,-2,1
22024,1629003,0022400379,2024-12-21,BKN vs. UTA,L,26,5,10,0.5,1,4,0.25,0,0,0.0,1,1,2,2,1,0,0,5,11,-7,1
22024,1642261,0022400376,2024-12-21,LAL @ SAC,W,5,0,0,0.0,0,0,0.0,0,0,0.0,0,0,0,1,0,0,1,0,0,-6,1
22024,1628467,0022400401,2024-12-23,DAL vs. POR,W,16,1,2,0.5,1,2,0.5,0,0,0.0,1,0,1,0,1,0,2,4,3,3,1
22024,1630559,0022400404,2024-12-23,LAL vs. DET,L,37,5,9,0.556,2,5,0.4,0,0,0.0,0,7,7,2,2,0,6,2,12,16,1
22024,1629060,0022400404,2024-12-23,LAL vs. DET,L,29,3,8,0.375,0,2,0.0,4,4,1.0,0,1,1,1,1,0,1,1,10,-5,1
22024,1629003,0022400396,2024-12-23,BKN @ MIA,L,19,1,8,0.125,0,2,0.0,2,2,1.0,0,2,2,3,2,0,2,3,4,-16,1
22024,1642261,0022400404,2024-12-23,LAL vs. DET,L,16,2,4,0.5,1,2,0.5,2,2,1.0,1,1,2,1,0,0,0,1,7,-10,1
22024,2544,0022400404,2024-12-23,LAL vs. DET,L,35,10,16,0.625,2,4,0.5,6,7,0.857,2,9,11,11,0,0,2,1,28,-1,1
22024,1629029,0022400401,2024-12-23,DAL vs. POR,W,30,10,19,0.526,1,7,0.143,6,8,0.75,1,6,7,7,1,0,3,2,27,16,1
22024,1629216,0022400404,2024-12-23,LAL vs. DET,L,19,3,5,0.6,3,5,0.6,0,0,0.0,0,2,2,1,0,0,2,1,9,-22,1
22024,2544,0022400408,2024-12-25,LAL @ GSW,W,37,12,22,0.545,2,4,0.5,5,5,1.0,0,4,4,10,2,1,1,3,31,4,1
22024,1642261,0022400408,2024-12-25,LAL @ GSW,W,25,5,9,0.556,1,5,0.2,2,2,1.0,2,5,7,2,0,1,0,0,13,13,1
22024,1631132,0022400408,2024-12-25,LAL @ GSW,W,9,1,1,1.0,0,0,0.0,0,0,0.0,4,2,6,0,0,1,1,0,2,7,1
22024,1629060,0022400408,2024-12-25,LAL @ GSW,W,39,6,12,0.5,5,7,0.714,1,1,1.0,1,3,4,1,0,1,1,4,18,-5,1
22024,1629029,0022400406,2024-12-25,DAL vs. MIN,L,16,5,9,0.556,3,5,0.6,1,1,1.0,1,4,5,2,1,0,3,1,14,-6,1
22024,1630559,0022400408,2024-12-25,LAL @ GSW,W,37,8,20,0.4,4,10,0.4,6,6,1.0,2,8,10,10,1,0,3,0,26,-4,1
22024,1628467,0022400406,2024-12-25,DAL vs. MIN,L,23,2,3,0.667,1,1,1.0,0,0,0.0,0,2,2,1,0,0,1,3,5,10,1
22024,1629216,0022400408,2024-12-25,LAL @ GSW,W,29,2,7,0.286,1,6,0.167,0,0,0.0,0,3,3,3,0,0,1,3,5,3,1
22024,203458,0022400418,2024-12-26,SAC vs. DET,L,23,1,1,1.0,0,0,0.0,2,2,1.0,1,5,6,4,0,2,1,3,4,-1,1
22024,1629003,0022400415,2024-12-26,BKN @ MIL,W,23,7,10,0.7,4,6,0.667,2,3,0.667,1,1,2,0,1,0,2,1,20,-6,1
22024,1629003,0022400421,2024-12-27,BKN vs. SAS,L,34,5,9,0.556,3,6,0.5,3,4,0.75,0,3,3,12,1,0,1,3,16,7,1
22024,1628467,0022400425,2024-12-27,DAL @ PHX,W,26,5,7,0.714,1,2,0.5,4,4,1.0,1,6,7,2,1,0,0,0,15,4,1
22024,1627827,0022400421,2024-12-27,BKN vs. SAS,L,27,1,7,0.143,0,4,0.0,0,1,0.0,2,7,9,0,0,0,1,1,2,-6,1
22024,1642261,0022400435,2024-12-28,LAL vs. SAC,W,33,6,10,0.6,2,5,0.4,4,4,1.0,0,2,2,1,0,0,0,0,18,9,1
22024,1629060,0022400435,2024-12-28,LAL vs. SAC,W,34,7,11,0.636,4,5,0.8,3,3,1.0,0,4,4,0,1,2,1,1,21,-1,1
22024,203458,0022400435,2024-12-28,SAC @ LAL,L,11,1,1,1.0,0,0,0.0,1,2,0.5,0,0,0,1,0,0,0,2,3,-8,1
22024,1629216,0022400435,2024-12-28,LAL vs. SAC,W,7,0,1,0.0,0,1,0.0,0,0,0.0,0,1,1,0,0,0,1,0,0,9,1
22024,1631132,0022400435,2024-12-28,LAL vs. SAC,W,5,2,2,1.0,0,0,0.0,0,0,0.0,1,0,1,0,0,0,1,1,4,-4,1
22024,1628467,0022400434,2024-12-28,DAL @ POR,L,33,0,2,0.0,0,1,0.0,0,0,0.0,2,6,8,5,0,2,1,2,0,1,1
22024,1630559,0022400435,2024-12-28,LAL vs. SAC,W,43,9,16,0.563,3,4,0.75,5,8,0.625,1,5,6,16,0,0,5,3,26,15,1
22024,203458,0022400448,2024-12-30,SAC vs. DAL,W,7,2,7,0.286,0,0,0.0,0,0,0.0,5,3,8,0,0,0,0,1,4,0,1
22024,1628467,0022400448,2024-12-30,DAL @ SAC,L,29,0,3,0.0,0,3,0.0,0,0,0.0,0,4,4,1,0,1,0,0,0,-4,1
22024,1630559,0022400454,2024-12-31,LAL vs. CLE,L,38,11,20,0.55,1,4,0.25,12,13,0.923,1,8,9,10,1,0,4,2,35,-3,1
22024,1629060,0022400454,2024-12-31,LAL vs. CLE,L,30,3,10,0.3,0,3,0.0,1,2,0.5,3,2,5,0,1,0,1,1,7,-17,1
22024,1642261,0022400454,2024-12-31,LAL vs. CLE,L,22,2,8,0.25,0,5,0.0,0,0,0.0,1,2,3,1,0,0,0,0,4,-3,1
22024,1629003,0022400454,2024-12-31,LAL vs. CLE,L,10,2,4,0.5,2,4,0.5,0,0,0.0,0,2,2,0,0,0,0,1,6,-9,1
22024,2544,0022400454,2024-12-31,LAL vs. CLE,L,34,9,17,0.529,3,6,0.5,2,2,1.0,0,4,4,7,0,1,2,1,23,-11,1
22024,1627827,0022400454,2024-12-31,LAL vs. CLE,L,20,1,4,0.25,0,2,0.0,0,0,0.0,2,0,2,2,0,0,0,2,2,7,1
22024,1628467,0022400460,2025-01-01,DAL @ HOU,L,30,2,4,0.5,1,2,0.5,0,0,0.0,1,1,2,1,1,1,2,4,5,-15,1
22024,203458,0022400462,2025-01-01,SAC vs. PHI,W,6,0,1,0.0,0,0,0.0,0,0,0.0,1,0,1,2,1,0,0,1,0,-12,1
22024,1629003,0022400468,2025-01-02,LAL vs. POR,W,16,2,5,0.4,0,3,0.0,0,0,0.0,0,3,3,0,0,0,0,0,4,2,1
22024,1630559,0022400468,2025-01-02,LAL vs. POR,W,36,5,15,0.333,2,9,0.222,3,3,1.0,2,6,8,11,2,0,3,3,15,10,1
22024,1631132,0022400468,2025-01-02,LAL vs. POR,W,19,4,8,0.5,0,0,0.0,0,0,0.0,6,2,8,3,1,0,0,2,8,8,1
22024,2544,0022400468,2025-01-02,LAL vs. POR,W,36,15,25,0.6,7,10,0.7,1,2,0.5,1,2,3,8,0,0,4,1,38,4,1
22024,1627827,0022400468,2025-01-02,LAL vs. POR,W,24,1,6,0.167,1,4,0.25,0,0,0.0,2,2,4,2,1,0,1,3,3,11,1
22024,1629637,0022400468,2025-01-02,LAL vs. POR,W,18,2,4,0.5,0,0,0.0,0,0,0.0,2,4,6,0,1,1,1,3,4,5,1
22024,1642261,0022400468,2025-01-02,LAL vs. POR,W,17,2,6,0.333,0,3,0.0,2,2,1.0,1,0,1,0,0,0,1,4,6,-3,1
22024,1629060,0022400468,2025-01-02,LAL vs. POR,W,23,2,6,0.333,0,4,0.0,2,2,1.0,1,3,4,3,0,0,2,1,6,-3,1
22024,203458,0022400476,2025-01-03,SAC vs. MEM,W,10,2,2,1.0,0,0,0.0,0,0,0.0,1,0,1,0,1,1,0,1,4,-1,1
22024,1627827,0022400477,2025-01-03,LAL vs. ATL,W,23,3,5,0.6,2,3,0.667,0,0,0.0,3,2,5,0,0,0,0,5,8,12,1
22024,1629060,0022400477,2025-01-03,LAL vs. ATL,W,24,6,9,0.667,1,3,0.333,0,1,0.0,3,5,8,1,0,1,1,2,13,10,1
22024,1642355,0022400477,2025-01-03,LAL vs. ATL,W,2,0,1,0.0,0,0,0.0,0,0,0.0,0,0,0,1,0,0,0,0,0,2,1
22024,1630559,0022400477,2025-01-03,LAL vs. ATL,W,39,6,18,0.333,3,7,0.429,5,6,0.833,4,3,7,6,0,0,6,1,20,18,1
22024,1628467,0022400474,2025-01-03,DAL vs. CLE,L,16,1,4,0.25,0,3,0.0,0,0,0.0,3,1,4,1,0,0,0,1,2,-6,1
22024,2544,0022400477,2025-01-03,LAL vs. ATL,W,30,13,20,0.65,2,5,0.4,2,2,1.0,0,3,3,8,0,0,3,3,30,4,1
22024,1629637,0022400477,2025-01-03,LAL vs. ATL,W,11,1,2,0.5,0,0,0.0,1,2,0.5,0,1,1,0,0,0,0,0,3,0,1
22024,202693,0022400474,2025-01-03,DAL vs. CLE,L,4,2,5,0.4,1,4,0.25,0,0,0.0,0,1,1,1,0,0,0,1,5,7,1
22024,1629003,0022400477,2025-01-03,LAL vs. ATL,W,13,0,3,0.0,0,2,0.0,2,2,1.0,0,4,4,4,0,1,1,1,2,1,1
22024,1642261,0022400477,2025-01-03,LAL vs. ATL,W,15,4,7,0.571,3,4,0.75,2,2,1.0,1,3,4,1,1,0,1,2,13,6,1
22024,1627827,0022400491,2025-01-05,LAL @ HOU,L,26,5,9,0.556,2,6,0.333,1,1,1.0,1,1,2,2,2,0,0,3,13,-6,1
22024,1642261,0022400491,2025-01-05,LAL @ HOU,L,17,0,3,0.0,0,2,0.0,0,0,0.0,0,1,1,0,0,0,0,0,0,-3,1
22024,203458,0022400492,2025-01-05,SAC @ GSW,W,10,1,1,1.0,0,0,0.0,0,0,0.0,1,1,2,1,0,1,0,0,2,-11,1
22024,1629637,0022400491,2025-01-05,LAL @ HOU,L,6,0,2,0.0,0,0,0.0,2,2,1.0,1,1,2,1,0,0,0,2,2,-7,1
22024,1630559,0022400491,2025-01-05,LAL @ HOU,L,41,6,13,0.462,3,6,0.5,6,7,0.857,0,0,0,10,0,0,0,2,21,12,1
22024,2544,0022400491,2025-01-05,LAL @ HOU,L,36,8,16,0.5,4,7,0.571,1,2,0.5,1,12,13,9,1,0,2,4,21,-13,1
22024,1629060,0022400491,2025-01-05,LAL @ HOU,L,28,5,9,0.556,3,6,0.5,0,2,0.0,1,0,1,0,0,0,1,2,13,4,1
22024,1629003,0022400491,2025-01-05,LAL @ HOU,L,5,0,0,0.0,0,0,0.0,1,2,0.5,1,0,1,0,0,0,2,0,1,-16,1
22024,203458,0022400501,2025-01-06,SAC vs. MIA,W,2,0,0,0.0,0,0,0.0,0,0,0.0,1,1,2,0,0,0,1,1,0,2,1
22024,1628467,0022400499,2025-01-06,DAL @ MEM,L,23,2,3,0.667,0,1,0.0,0,0,0.0,0,2,2,1,0,1,1,3,4,3,1
22024,1629060,0022400504,2025-01-07,LAL @ DAL,L,26,3,5,0.6,0,2,0.0,0,0,0.0,1,0,1,2,1,0,1,2,6,-8,1
22024,1628467,0022400504,2025-01-07,DAL vs. LAL,W,29,2,3,0.667,1,1,1.0,0,0,0.0,1,2,3,5,1,0,1,2,5,21,1
22024,1627827,0022400504,2025-01-07,LAL @ DAL,L,28,3,4,0.75,3,4,0.75,2,2,1.0,0,3,3,0,0,0,1,1,11,3,1
22024,1629637,0022400504,2025-01-07,LAL @ DAL,L,12,0,1,0.0,0,0,0.0,1,2,0.5,1,2,3,1,1,2,0,4,1,-5,1
22024,1629216,0022400504,2025-01-07,LAL @ DAL,L,24,0,4,0.0,0,3,0.0,0,0,0.0,0,1,1,2,0,0,0,1,0,-5,1
22024,2544,0022400504,2025-01-07,LAL @ DAL,L,35,6,12,0.5,1,4,0.25,5,6,0.833,0,10,10,8,1,0,2,0,18,-12,1
22024,1642355,0022400504,2025-01-07,LAL @ DAL,L,1,0,0,0.0,0,0,0.0,0,0,0.0,0,0,0,0,0,0,0,0,0,-4,1
22024,1642261,0022400504,2025-01-07,LAL @ DAL,L,16,5,8,0.625,2,5,0.4,1,2,0.5,0,0,0,0,0,1,1,1,13,-8,1
22024,1630559,0022400504,2025-01-07,LAL @ DAL,L,32,5,14,0.357,4,11,0.364,1,2,0.5,0,2,2,1,3,0,1,1,15,-25,1
22024,1628467,0022400521,2025-01-09,DAL vs. POR,W,12,0,0,0.0,0,0,0.0,2,2,1.0,0,2,2,1,0,0,0,1,2,-9,1
22024,1628467,0022400540,2025-01-12,DAL vs. DEN,L,20,2,5,0.4,2,5,0.4,0,0,0.0,3,0,3,0,0,0,1,3,6,-26,1
22024,1642261,0022400552,2025-01-13,LAL vs. SAS,L,14,1,5,0.2,0,4,0.0,3,3,1.0,0,3,3,1,1,0,0,1,5,-1,1
22024,1630559,0022400552,2025-01-13,LAL vs. SAS,L,33,4,13,0.308,2,7,0.286,2,2,1.0,1,4,5,8,0,0,4,3,12,-18,1
22024,1629216,0022400552,2025-01-13,LAL vs. SAS,L,17,3,6,0.5,1,3,0.333,0,0,0.0,1,1,2,1,1,0,3,1,7,-3,1
22024,1627827,0022400552,2025-01-13,LAL vs. SAS,L,20,1,4,0.25,1,3,0.333,1,2,0.5,1,2,3,0,2,0,1,1,4,-13,1
22024,1629637,0022400552,2025-01-13,LAL vs. SAS,L,13,2,4,0.5,0,1,0.0,0,0,0.0,1,0,1,1,0,1,0,2,4,-4,1
22024,1629060,0022400552,2025-01-13,LAL vs. SAS,L,30,3,6,0.5,3,4,0.75,0,0,0.0,0,3,3,1,2,0,1,1,9,-16,1
22024,2544,0022400552,2025-01-13,LAL vs. SAS,L,32,7,11,0.636,2,3,0.667,2,4,0.5,1,4,5,8,1,1,7,3,18,-15,1
22024,203458,0022400558,2025-01-14,SAC @ MIL,L,9,1,2,0.5,0,0,0.0,0,0,0.0,1,1,2,1,1,2,1,2,2,2,1
22024,1628467,0022400559,2025-01-14,DAL vs. DEN,L,18,4,7,0.571,2,4,0.5,0,0,0.0,1,0,1,3,0,0,0,2,10,-17,1
22024,1642261,0022400570,2025-01-15,LAL vs. MIA,W,14,0,4,0.0,0,4,0.0,2,2,1.0,0,2,2,1,0,0,0,1,2,-4,1
22024,1628467,0022400566,2025-01-15,DAL @ NOP,L,14,0,0,0.0,0,0,0.0,0,0,0.0,0,0,0,1,1,1,1,3,0,2,1
22024,1629637,0022400570,2025-01-15,LAL vs. MIA,W,14,2,3,0.667,0,0,0.0,0,0,0.0,1,0,1,0,1,0,0,1,4,2,1
22024,1629060,0022400570,2025-01-15,LAL vs. MIA,W,33,9,15,0.6,2,5,0.4,3,4,0.75,2,6,8,1,1,0,2,2,23,10,1
22024,1629216,0022400570,2025-01-15,LAL vs. MIA,W,26,6,9,0.667,2,5,0.4,0,0,0.0,0,1,1,4,1,1,0,3,14,0,1
22024,2544,0022400570,2025-01-15,LAL vs. MIA,W,38,9,15,0.6,3,6,0.5,1,2,0.5,1,4,5,9,2,0,2,0,22,14,1
22024,1630559,0022400570,2025-01-15,LAL vs. MIA,W,35,5,9,0.556,2,3,0.667,2,2,1.0,0,3,3,14,3,0,1,4,14,14,1
22024,1629003,0022400570,2025-01-15,LAL vs. MIA,W,6,0,2,0.0,0,1,0.0,0,0,0.0,0,0,0,0,0,0,0,1,0,-8,1
22024,1628467,0022400583,2025-01-17,DAL vs. OKC,W,20,2,7,0.286,0,4,0.0,3,3,1.0,2,0,2,4,0,2,0,1,7,-7,1
22024,2544,0022400585,2025-01-17,LAL vs. BKN,W,35,12,17,0.706,4,6,0.667,1,2,0.5,1,6,7,8,1,2,5,2,29,-11,1
22024,1630559,0022400585,2025-01-17,LAL vs. BKN,W,37,13,23,0.565,4,8,0.5,8,8,1.0,0,3,3,3,2,1,0,2,38,1,1
22024,1642261,0022400585,2025-01-17,LAL vs. BKN,W,18,0,4,0.0,0,3,0.0,2,3,0.667,1,0,1,1,0,0,0,0,2,6,1
22024,1629216,0022400585,2025-01-17,LAL vs. BKN,W,29,4,8,0.5,1,5,0.2,1,2,0.5,0,1,1,3,2,2,1,2,10,0,1
22024,1629060,0022400585,2025-01-17,LAL vs. BKN,W,32,4,10,0.4,1,4,0.25,1,1,1.0,3,3,6,4,1,0,1,0,10,3,1
22024,1641998,0022400585,2025-01-17,LAL vs. BKN,W,15,0,0,0.0,0,0,0.0,0,0,0.0,0,4,4,0,0,2,1,4,0,-6,1
22024,1629637,0022400585,2025-01-17,LAL vs. BKN,W,33,3,7,0.429,0,0,0.0,0,0,0.0,1,8,9,1,0,0,1,2,6,9,1
22024,1629003,0022400585,2025-01-17,LAL vs. BKN,W,7,0,0,0.0,0,0,0.0,0,0,0.0,0,0,0,1,0,0,0,0,0,3,1
22024,1629216,0022400596,2025-01-19,LAL @ LAC,L,23,2,5,0.4,0,3,0.0,0,0,0.0,0,0,0,1,0,0,1,2,4,0,1
22024,1629637,0022400596,2025-01-19,LAL @ LAC,L,13,2,2,1.0,0,0,0.0,0,0,0.0,0,2,2,2,1,0,0,0,4,4,1
22024,1629060,0022400596,2025-01-19,LAL @ LAC,L,33,9,14,0.643,1,3,0.333,0,1,0.0,1,6,7,1,0,0,0,1,19,-13,1
22024,203458,0022400598,2025-01-19,SAC vs. WAS,W,16,1,1,1.0,1,1,1.0,1,2,0.5,3,1,4,2,2,0,0,2,4,4,1
22024,1642355,0022400596,2025-01-19,LAL @ LAC,L,2,0,0,0.0,0,0,0.0,0,0,0.0,0,0,0,0,0,0,0,0,0,1,1
22024,1642261,0022400596,2025-01-19,LAL @ LAC,L,16,3,4,0.75,2,3,0.667,2,2,1.0,0,4,4,1,0,0,0,3,10,3,1
22024,2544,0022400596,2025-01-19,LAL @ LAC,L,35,9,20,0.45,2,6,0.333,5,6,0.833,2,3,5,11,3,1,5,3,25,-3,1
22024,1631132,0022400596,2025-01-19,LAL @ LAC,L,2,0,1,0.0,0,0,0.0,0,0,0.0,1,0,1,0,0,0,0,0,0,1,1
22024,1630559,0022400596,2025-01-19,LAL @ LAC,L,34,4,6,0.667,2,4,0.5,4,4,1.0,0,2,2,3,0,1,5,1,14,-16,1
22024,1627827,0022400596,2025-01-19,LAL @ LAC,L,22,0,3,0.0,0,3,0.0,0,0,0.0,0,1,1,3,1,0,0,2,0,-6,1
22024,1628467,0022400599,2025-01-20,DAL @ CHA,L,14,0,2,0.0,0,1,0.0,0,0,0.0,0,2,2,2,0,1,0,3,0,-2,1
22024,1629060,0022400610,2025-01-21,LAL vs. WAS,W,26,4,10,0.4,0,2,0.0,1,2,0.5,0,5,5,0,1,0,0,2,9,13,1
22024,1642355,0022400610,2025-01-21,LAL vs. WAS,W,2,0,1,0.0,0,0,0.0,0,0,0.0,0,1,1,0,1,0,0,0,0,4,1
22024,1629637,0022400610,2025-01-21,LAL vs. WAS,W,19,3,3,1.0,0,0,0.0,2,3,0.667,0,3,3,0,0,2,0,1,8,3,1
22024,1641998,0022400610,2025-01-21,LAL vs. WAS,W,2,0,0,0.0,0,0,0.0,1,2,0.5,1,1,2,0,0,0,0,0,1,4,1
22024,1627827,0022400610,2025-01-21,LAL vs. WAS,W,22,6,8,0.75,4,6,0.667,0,0,0.0,1,1,2,0,0,0,0,0,16,3,1
22024,1629216,0022400610,2025-01-21,LAL vs. WAS,W,25,1,2,0.5,1,2,0.5,0,0,0.0,0,2,2,3,0,0,0,3,3,1,1
22024,1630559,0022400610,2025-01-21,LAL vs. WAS,W,36,4,15,0.267,1,8,0.125,7,7,1.0,1,1,2,8,1,0,2,1,16,18,1
22024,2544,0022400610,2025-01-21,LAL vs. WAS,W,36,8,18,0.444,2,6,0.333,3,3,1.0,0,10,10,13,2,1,5,0,21,19,1
22024,1642261,0022400610,2025-01-21,LAL vs. WAS,W,8,1,4,0.25,1,2,0.5,0,0,0.0,0,2,2,0,0,0,0,0,3,8,1
22024,203458,0022400619,2025-01-22,SAC vs. GSW,W,6,0,0,0.0,0,0,0.0,0,0,0.0,0,1,1,1,0,0,0,2,0,2,1
22024,1628467,0022400614,2025-01-22,DAL vs. MIN,L,16,4,5,0.8,1,2,0.5,1,2,0.5,0,2,2,1,1,0,2,2,10,-11,1
22024,1629060,0022400629,2025-01-23,LAL vs. BOS,W,28,3,9,0.333,2,5,0.4,2,2,1.0,2,5,7,2,1,0,0,1,10,12,1
22024,1629003,0022400629,2025-01-23,LAL vs. BOS,W,3,0,0,0.0,0,0,0.0,2,2,1.0,0,0,0,3,0,0,1,0,2,-5,1
22024,1627827,0022400629,2025-01-23,LAL vs. BOS,W,20,0,2,0.0,0,2,0.0,0,0,0.0,2,2,4,0,2,0,0,2,0,20,1
22024,2544,0022400629,2025-01-23,LAL vs. BOS,W,31,9,20,0.45,0,2,0.0,2,2,1.0,3,11,14,6,0,0,2,0,20,7,1
22024,1630559,0022400629,2025-01-23,LAL vs. BOS,W,33,7,13,0.538,4,8,0.5,5,6,0.833,0,3,3,6,0,0,0,1,23,14,1
22024,1628467,0022400625,2025-01-23,DAL @ OKC,W,19,1,3,0.333,1,3,0.333,0,0,0.0,1,2,3,4,0,0,1,2,3,-1,1
22024,1629637,0022400629,2025-01-23,LAL vs. BOS,W,14,2,4,0.5,0,0,0.0,1,2,0.5,1,7,8,1,0,0,0,0,5,14,1
22024,202693,0022400625,2025-01-23,DAL @ OKC,W,4,0,2,0.0,0,2,0.0,0,0,0.0,0,1,1,1,1,0,0,0,0,5,1
22024,1631132,0022400629,2025-01-23,LAL vs. BOS,W,4,1,1,1.0,0,0,0.0,0,0,0.0,0,0,0,0,0,0,0,1,2,-2,1
22024,1642355,0022400629,2025-01-23,LAL vs. BOS,W,4,0,1,0.0,0,0,0.0,0,0,0.0,0,0,0,0,0,0,0,0,0,-2,1
22024,1629216,0022400629,2025-01-23,LAL vs. BOS,W,26,4,8,0.5,4,7,0.571,0,0,0.0,0,1,1,4,0,0,0,5,12,22,1
22024,1642261,0022400629,2025-01-23,LAL vs. BOS,W,14,5,7,0.714,3,4,0.75,0,0,0.0,0,4,4,0,0,0,0,2,13,3,1
22024,1628467,0022400635,2025-01-25,DAL vs. BOS,L,11,0,6,0.0,0,3,0.0,1,2,0.5,1,0,1,1,0,1,0,0,1,-19,1
22024,1629637,0022400644,2025-01-25,LAL @ GSW,W,12,0,0,0.0,0,0,0.0,0,0,0.0,2,1,3,1,0,0,1,1,0,-8,1
22024,2544,0022400644,2025-01-25,LAL @ GSW,W,35,12,25,0.48,0,1,0.0,1,2,0.5,1,4,5,12,1,0,3,0,25,11,1
22024,1631132,0022400644,2025-01-25,LAL @ GSW,W,0,0,0,0.0,0,0,0.0,0,0,0.0,0,0,0,0,0,0,0,0,0,0,1
22024,1629216,0022400644,2025-01-25,LAL @ GSW,W,25,3,8,0.375,1,6,0.167,0,0,0.0,0,0,0,2,0,1,1,4,7,1,1
22024,1630559,0022400644,2025-01-25,LAL @ GSW,W,39,6,10,0.6,1,4,0.25,3,3,1.0,1,4,5,7,1,0,3,0,16,17,1
22024,1642261,0022400644,2025-01-25,LAL @ GSW,W,23,5,9,0.556,3,7,0.429,0,0,0.0,0,1,1,1,0,0,1,1,13,-10,1
22024,1627827,0022400644,2025-01-25,LAL @ GSW,W,26,3,4,0.75,2,3,0.667,0,0,0.0,0,3,3,0,0,0,0,1,8,20,1
22024,203458,0022400641,2025-01-25,SAC @ NYK,L,3,0,1,0.0,0,1,0.0,0,0,0.0,0,1,1,0,0,0,0,1,0,-2,1
22024,1629020,0022400644,2025-01-25,LAL @ GSW,W,12,1,2,0.5,0,1,0.0,0,0,0.0,2,2,4,2,3,0,0,3,2,6,1
22024,1629637,0022400648,2025-01-27,LAL @ CHA,W,17,4,5,0.8,0,1,0.0,1,1,1.0,0,0,0,1,2,2,2,1,9,-9,1
22024,203458,0022400651,2025-01-27,SAC @ BKN,W,5,0,0,0.0,0,0,0.0,0,0,0.0,1,0,1,0,0,0,1,1,0,-14,1
22024,1629003,0022400648,2025-01-27,LAL @ CHA,W,12,0,2,0.0,0,0,0.0,0,0,0.0,1,1,2,1,0,0,0,3,0,-6,1
22024,2544,0022400648,2025-01-27,LAL @ CHA,W,36,9,17,0.529,1,8,0.125,3,5,0.6,0,7,7,8,0,0,5,0,22,-1,1
22024,1630559,0022400648,2025-01-27,LAL @ CHA,W,38,5,14,0.357,2,8,0.25,5,7,0.714,1,4,5,6,3,0,1,1,17,0,1
22024,1629020,0022400648,2025-01-27,LAL @ CHA,W,13,2,5,0.4,0,1,0.0,0,0,0.0,1,1,2,1,2,0,1,1,4,3,1
22024,1642261,0022400648,2025-01-27,LAL @ CHA,W,21,1,3,0.333,0,1,0.0,0,0,0.0,0,2,2,0,1,0,0,4,2,-5,1
22024,1627827,0022400648,2025-01-27,LAL @ CHA,W,27,3,4,0.75,0,1,0.0,0,0,0.0,1,4,5,0,1,0,1,2,6,13,1
22024,202693,0022400657,2025-01-27,DAL vs. WAS,W,12,1,6,0.167,0,4,0.0,0,0,0.0,0,1,1,0,0,0,0,1,2,-8,1
22024,1631132,0022400660,2025-01-28,LAL @ PHI,L,18,1,1,1.0,0,0,0.0,2,2,1.0,0,2,2,4,1,0,0,2,4,-7,1
22024,1627827,0022400660,2025-01-28,LAL @ PHI,L,19,1,6,0.167,1,6,0.167,0,0,0.0,0,3,3,0,0,0,3,5,3,-2,1
22024,1642261,0022400660,2025-01-28,LAL @ PHI,L,23,8,13,0.615,5,8,0.625,3,3,1.0,0,5,5,0,0,0,1,1,24,-14,1
22024,2544,0022400660,2025-01-28,LAL @ PHI,L,33,10,16,0.625,1,4,0.25,10,11,0.909,1,7,8,9,1,0,8,1,31,-11,1
22024,1642355,0022400660,2025-01-28,LAL @ PHI,L,15,0,5,0.0,0,3,0.0,0,0,0.0,0,3,3,1,0,1,3,1,0,-8,1
22024,1630559,0022400660,2025-01-28,LAL @ PHI,L,34,6,10,0.6,1,3,0.333,0,0,0.0,0,6,6,8,1,0,3,1,13,-4,1
22024,1629060,0022400660,2025-01-28,LAL @ PHI,L,24,6,9,0.667,1,3,0.333,0,0,0.0,0,2,2,1,0,0,1,2,13,-8,1
22024,1629003,0022400660,2025-01-28,LAL @ PHI,L,6,0,1,0.0,0,0,0.0,0,0,0.0,0,0,0,0,0,0,0,0,0,3,1
22024,1629637,0022400660,2025-01-28,LAL @ PHI,L,19,1,1,1.0,0,0,0.0,2,2,1.0,1,2,3,0,0,2,1,4,4,-19,1
22024,203458,0022400669,2025-01-29,SAC @ PHI,L,4,0,0,0.0,0,0,0.0,0,0,0.0,0,0,0,1,0,0,1,0,0,-8,1
22024,1631132,0022400674,2025-01-30,LAL @ WAS,W,7,2,2,1.0,0,0,0.0,0,0,0.0,1,1,2,1,0,0,0,1,4,-2,1
22024,2544,0022400674,2025-01-30,LAL @ WAS,W,27,9,19,0.474,1,4,0.25,5,5,1.0,0,3,3,11,0,0,0,1,24,29,1
22024,1642355,0022400674,2025-01-30,LAL @ WAS,W,12,1,6,0.167,0,2,0.0,3,3,1.0,0,2,2,2,1,0,0,2,5,3,1
22024,1629637,0022400674,2025-01-30,LAL @ WAS,W,25,4,4,1.0,0,0,0.0,2,2,1.0,2,8,10,2,0,3,3,4,10,26,1
22024,1641998,0022400674,2025-01-30,LAL @ WAS,W,18,2,6,0.333,0,0,0.0,0,0,0.0,1,4,5,1,0,2,2,6,4,12,1
22024,1629003,0022400674,2025-01-30,LAL @ WAS,W,28,7,8,0.875,1,2,0.5,6,6,1.0,1,3,4,4,2,0,0,2,21,25,1
22024,1642261,0022400674,2025-01-30,LAL @ WAS,W,22,3,9,0.333,2,7,0.286,2,2,1.0,0,1,1,0,0,0,1,0,10,13,1
22024,1629020,0022400674,2025-01-30,LAL @ WAS,W,16,2,3,0.667,0,0,0.0,0,0,0.0,4,3,7,2,4,0,1,2,4,18,1
22024,1630559,0022400674,2025-01-30,LAL @ WAS,W,30,6,14,0.429,4,7,0.571,1,2,0.5,0,6,6,5,0,0,2,1,17,24,1
22024,1629060,0022400674,2025-01-30,LAL @ WAS,W,26,9,12,0.75,4,5,0.8,0,0,0.0,0,4,4,0,1,1,1,1,22,21,1
22024,1629216,0022400692,2025-02-01,LAL @ NYK,W,20,3,6,0.5,3,6,0.5,0,0,0.0,0,1,1,1,0,1,0,3,9,1,1
22024,1630559,0022400692,2025-02-01,LAL @ NYK,W,29,7,12,0.583,4,7,0.571,9,9,1.0,0,5,5,6,3,0,3,3,27,18,1
22024,1629020,0022400692,2025-02-01,LAL @ NYK,W,14,0,3,0.0,0,1,0.0,0,0,0.0,3,5,8,1,0,0,0,3,0,4,1
22024,1642355,0022400692,2025-02-01,LAL @ NYK,W,2,1,1,1.0,0,0,0.0,0,0,0.0,0,0,0,0,0,0,1,0,2,0,1
22024,1641998,0022400692,2025-02-01,LAL @ NYK,W,2,0,0,0.0,0,0,0.0,0,0,0.0,0,2,2,0,0,0,0,0,0,0,1
22024,1642261,0022400692,2025-02-01,LAL @ NYK,W,10,1,3,0.333,0,2,0.0,0,0,0.0,0,0,0,0,0,0,1,2,2,-8,1
22024,1631132,0022400692,2025-02-01,LAL @ NYK,W,2,0,0,0.0,0,0,0.0,0,0,0.0,0,0,0,0,0,0,0,0,0,0,1
22024,1629060,0022400692,2025-02-01,LAL @ NYK,W,38,8,12,0.667,3,6,0.5,2,2,1.0,0,3,3,2,1,1,1,1,21,13,1
22024,1627827,0022400692,2025-02-01,LAL @ NYK,W,32,5,6,0.833,5,6,0.833,0,0,0.0,0,2,2,1,2,0,2,1,15,14,1
22024,1629637,0022400692,2025-02-01,LAL @ NYK,W,22,2,2,1.0,0,0,0.0,0,0,0.0,0,2,2,1,3,1,2,2,4,5,1
22024,2544,0022400692,2025-02-01,LAL @ NYK,W,37,14,26,0.538,3,8,0.375,2,4,0.5,0,11,11,12,0,0,5,3,33,12,1
22024,1629637,0022400715,2025-02-04,LAL @ LAC,W,24,3,6,0.5,0,0,0.0,0,1,0.0,2,4,6,4,1,2,1,2,6,14,1
22024,2544,0022400715,2025-02-04,LAL @ LAC,W,31,8,13,0.615,2,4,0.5,8,11,0.727,0,8,8,9,3,0,3,4,26,19,1
22024,1629003,0022400715,2025-02-04,LAL @ LAC,W,20,2,3,0.667,0,1,0.0,0,0,0.0,1,1,2,3,0,0,4,2,4,12,1
22024,1641998,0022400715,2025-02-04,LAL @ LAC,W,5,1,1,1.0,0,0,0.0,0,2,0.0,1,3,4,0,1,0,0,0,2,-1,1
22024,1629020,0022400715,2025-02-04,LAL @ LAC,W,18,2,3,0.667,1,1,1.0,1,2,0.5,1,5,6,0,1,0,0,0,6,21,1
22024,1642355,0022400715,2025-02-04,LAL @ LAC,W,6,1,1,1.0,1,1,1.0,0,2,0.0,0,0,0,1,1,0,1,1,3,-1,1
22024,1629060,0022400715,2025-02-04,LAL @ LAC,W,34,7,14,0.5,4,8,0.5,2,2,1.0,2,4,6,2,0,0,0,3,20,15,1
22024,1642261,0022400715,2025-02-04,LAL @ LAC,W,21,6,9,0.667,2,4,0.5,0,0,0.0,0,4,4,1,0,0,0,0,14,15,1
22024,1627827,0022400715,2025-02-04,LAL @ LAC,W,24,3,7,0.429,1,3,0.333,0,0,0.0,0,4,4,2,0,0,1,3,7,13,1
22024,1629216,0022400715,2025-02-04,LAL @ LAC,W,22,4,10,0.4,4,8,0.5,0,0,0.0,0,3,3,2,0,0,0,0,12,10,1
22024,1630559,0022400715,2025-02-04,LAL @ LAC,W,30,7,13,0.538,3,7,0.429,3,3,1.0,2,4,6,9,0,1,3,0,20,9,1
22024,203458,0022400727,2025-02-05,SAC vs. ORL,L,2,0,0,0.0,0,0,0.0,0,0,0.0,0,0,0,0,0,0,0,1,0,-3,1
22024,1629637,0022400731,2025-02-06,LAL vs. GSW,W,25,4,6,0.667,0,0,0.0,3,4,0.75,1,2,3,2,1,1,0,3,11,7,1
22024,1629216,0022400731,2025-02-06,LAL vs. GSW,W,30,5,8,0.625,5,8,0.625,0,0,0.0,0,0,0,1,0,0,1,3,15,-3,1
22024,1630559,0022400731,2025-02-06,LAL vs. GSW,W,36,4,17,0.235,0,9,0.0,15,16,0.938,1,2,3,4,3,1,4,3,23,2,1
22024,2544,0022400731,2025-02-06,LAL vs. GSW,W,38,14,25,0.56,6,9,0.667,8,10,0.8,1,16,17,8,1,1,3,1,42,7,1
22024,1629020,0022400731,2025-02-06,LAL vs. GSW,W,21,2,2,1.0,0,0,0.0,1,2,0.5,4,10,14,3,1,1,2,4,5,-2,1
22024,1627827,0022400731,2025-02-06,LAL vs. GSW,W,33,3,6,0.5,1,4,0.25,0,0,0.0,0,1,1,3,2,0,2,2,7,8,1
22024,1629003,0022400731,2025-02-06,LAL vs. GSW,W,15,1,3,0.333,0,0,0.0,0,0,0.0,0,3,3,2,1,1,1,1,2,8,1
22024,1629060,0022400731,2025-02-06,LAL vs. GSW,W,39,4,9,0.444,1,5,0.2,2,4,0.5,0,4,4,3,0,0,0,3,11,12,1
22024,1631132,0022400731,2025-02-06,LAL vs. GSW,W,4,2,2,1.0,0,0,0.0,0,0,0.0,0,2,2,0,0,0,0,1,4,1,1
22024,1629216,0022400742,2025-02-08,LAL vs. IND,W,25,5,13,0.385,2,8,0.25,0,0,0.0,0,0,0,7,2,0,2,4,12,5,1
22024,1630692,0022400742,2025-02-08,LAL vs. IND,W,25,4,7,0.571,1,2,0.5,1,1,1.0,2,2,4,1,0,0,2,3,10,1,1
22024,1629020,0022400742,2025-02-08,LAL vs. IND,W,20,2,4,0.5,0,2,0.0,0,0,0.0,2,4,6,1,0,0,1,1,4,5,1
22024,1629060,0022400742,2025-02-08,LAL vs. IND,W,33,8,13,0.615,2,3,0.667,6,6,1.0,1,8,9,0,1,0,1,3,24,4,1
22024,1629637,0022400742,2025-02-08,LAL vs. IND,W,29,4,4,1.0,0,0,0.0,1,2,0.5,3,9,12,2,0,2,0,2,9,3,1
22024,202693,0022400742,2025-02-08,LAL vs. IND,W,6,1,4,0.25,1,3,0.333,0,0,0.0,0,1,1,0,0,0,1,1,3,3,1
22024,1641998,0022400742,2025-02-08,LAL vs. IND,W,12,4,5,0.8,0,0,0.0,0,0,0.0,1,0,1,1,0,0,0,3,8,-7,1
22024,1630559,0022400742,2025-02-08,LAL vs. IND,W,41,14,26,0.538,4,9,0.444,13,13,1.0,0,7,7,7,3,0,4,3,45,14,1
22024,1627827,0022400742,2025-02-08,LAL vs. IND,W,35,3,8,0.375,1,5,0.2,0,0,0.0,0,3,3,6,0,1,3,0,7,11,1
22024,1629003,0022400742,2025-02-08,LAL vs. IND,W,15,1,4,0.25,0,1,0.0,0,1,0.0,0,3,3,4,0,0,0,2,2,-4,1
22024,1627827,0022400768,2025-02-10,LAL vs. UTA,W,26,1,4,0.25,0,3,0.0,2,2,1.0,0,4,4,1,2,0,0,2,4,13,1
22024,1630559,0022400768,2025-02-10,LAL vs. UTA,W,32,6,10,0.6,3,5,0.6,7,7,1.0,3,6,9,4,1,1,0,1,22,27,1
22024,1629216,0022400768,2025-02-10,LAL vs. UTA,W,18,4,9,0.444,3,8,0.375,0,0,0.0,0,0,0,4,0,0,0,1,11,17,1
22024,1629060,0022400768,2025-02-10,LAL vs. UTA,W,29,8,14,0.571,3,6,0.5,2,2,1.0,2,4,6,0,2,0,1,4,21,16,1
22024,202693,0022400768,2025-02-10,LAL vs. UTA,W,6,1,1,1.0,1,1,1.0,0,0,0.0,0,0,0,2,0,0,0,1,3,-8,1
22024,1641998,0022400768,2025-02-10,LAL vs. UTA,W,7,1,1,1.0,0,0,0.0,0,0,0.0,0,0,0,0,0,0,1,3,2,-11,1
22024,2544,0022400768,2025-02-10,LAL vs. UTA,W,29,10,17,0.588,3,7,0.429,1,2,0.5,1,6,7,8,1,0,7,2,24,24,1
22024,1630692,0022400768,2025-02-10,LAL vs. UTA,W,22,8,11,0.727,1,2,0.5,0,0,0.0,3,5,8,1,2,0,0,1,17,0,1
22024,1629637,0022400768,2025-02-10,LAL vs. UTA,W,23,6,6,1.0,0,0,0.0,0,0,0.0,0,2,2,2,3,1,0,3,12,12,1
22024,1629020,0022400768,2025-02-10,LAL vs. UTA,W,17,0,3,0.0,0,1,0.0,0,0,0.0,0,2,2,1,0,0,1,1,0,4,1
22024,1629003,0022400768,2025-02-10,LAL vs. UTA,W,8,0,2,0.0,0,2,0.0,2,2,1.0,0,1,1,1,0,0,0,0,2,-14,1
22024,1629029,0022400768,2025-02-10,LAL vs. UTA,W,24,5,14,0.357,1,7,0.143,3,3,1.0,1,4,5,4,0,0,1,3,14,15,1
22024,202693,0022400781,2025-02-12,LAL @ UTA,L,8,1,5,0.2,1,3,0.333,2,2,1.0,0,0,0,1,0,0,0,1,5,10,1
22024,2544,0022400781,2025-02-12,LAL @ UTA,L,34,6,13,0.462,4,8,0.5,2,4,0.5,1,5,6,7,1,0,3,3,18,-10,1
22024,1642261,0022400781,2025-02-12,LAL @ UTA,L,17,3,7,0.429,3,7,0.429,1,2,0.5,0,0,0,0,1,0,0,1,10,-3,1
22024,1629060,0022400781,2025-02-12,LAL @ UTA,L,30,8,15,0.533,3,5,0.6,0,1,0.0,0,3,3,1,0,0,1,0,19,-16,1
22024,1629029,0022400781,2025-02-12,LAL @ UTA,L,23,6,13,0.462,3,8,0.375,1,5,0.2,1,3,4,4,1,1,5,5,16,-19,1
22024,1631132,0022400781,2025-02-12,LAL @ UTA,L,9,1,1,1.0,0,0,0.0,2,2,1.0,2,2,4,0,0,0,0,0,4,-2,1
22024,1629637,0022400781,2025-02-12,LAL @ UTA,L,7,2,2,1.0,0,0,0.0,0,0,0.0,1,1,2,1,0,1,0,1,4,2,1
22024,1642355,0022400781,2025-02-12,LAL @ UTA,L,8,3,4,0.75,2,3,0.667,1,2,0.5,0,0,0,1,0,0,0,0,9,10,1
22024,1630559,0022400781,2025-02-12,LAL @ UTA,L,36,4,15,0.267,1,10,0.1,6,8,0.75,1,4,5,11,1,0,1,3,15,-13,1
22024,1630692,0022400781,2025-02-12,LAL @ UTA,L,17,1,4,0.25,1,3,0.333,0,0,0.0,1,3,4,2,1,0,0,3,3,-3,1
22024,1629020,0022400781,2025-02-12,LAL @ UTA,L,17,1,3,0.333,1,1,1.0,0,2,0.0,2,4,6,0,0,0,2,0,3,-12,1
22024,1629003,0022400781,2025-02-12,LAL @ UTA,L,12,3,5,0.6,1,2,0.5,2,2,1.0,3,1,4,1,0,0,2,0,9,5,1
22024,203458,0022400781,2025-02-12,LAL @ UTA,L,22,2,5,0.4,0,0,0.0,0,0,0.0,2,5,7,2,0,1,0,3,4,-9,1
22024,1629029,0022400524,2025-02-19,LAL vs. CHA,L,33,5,18,0.278,1,9,0.111,3,4,0.75,1,10,11,8,1,0,6,5,14,13,1
22024,1627827,0022400524,2025-02-19,LAL vs. CHA,L,28,4,7,0.571,4,6,0.667,0,0,0.0,4,1,5,3,0,0,1,1,12,1,1
22024,1642261,0022400524,2025-02-19,LAL vs. CHA,L,13,1,5,0.2,1,4,0.25,0,0,0.0,1,4,5,0,1,0,1,1,3,-16,1
22024,2544,0022400524,2025-02-19,LAL vs. CHA,L,38,10,22,0.455,4,11,0.364,2,2,1.0,1,6,7,11,1,2,2,0,26,-4,1
22024,203458,0022400524,2025-02-19,LAL vs. CHA,L,10,0,0,0.0,0,0,0.0,0,0,0.0,0,1,1,0,0,0,0,1,0,8,1
22024,1629020,0022400524,2025-02-19,LAL vs. CHA,L,13,1,1,1.0,0,0,0.0,1,2,0.5,0,4,4,0,0,0,2,0,3,-17,1
22024,1629216,0022400524,2025-02-19,LAL vs. CHA,L,20,2,7,0.286,2,6,0.333,0,0,0.0,2,1,3,2,0,0,1,3,6,-6,1
22024,1629637,0022400524,2025-02-19,LAL vs. CHA,L,18,4,5,0.8,0,0,0.0,0,0,0.0,1,3,4,0,2,0,1,2,8,12,1
22024,1629060,0022400524,2025-02-19,LAL vs. CHA,L,39,7,16,0.438,1,8,0.125,2,4,0.5,2,6,8,3,1,0,1,1,17,-1,1
22024,1630559,0022400524,2025-02-19,LAL vs. CHA,L,27,3,9,0.333,2,7,0.286,0,0,0.0,0,2,2,2,1,2,3,3,8,-5,1
22024,1641998,0022400796,2025-02-20,LAL @ POR,W,14,3,5,0.6,0,0,0.0,0,0,0.0,2,2,4,0,0,0,0,2,6,6,1
22024,1627827,0022400796,2025-02-20,LAL @ POR,W,33,4,7,0.571,2,5,0.4,0,0,0.0,1,5,6,0,2,1,2,1,10,20,1
22024,1629060,0022400796,2025-02-20,LAL @ POR,W,35,3,7,0.429,0,3,0.0,0,0,0.0,4,8,12,1,0,1,1,2,6,0,1
22024,2544,0022400796,2025-02-20,LAL @ POR,W,36,14,24,0.583,4,8,0.5,8,8,1.0,0,8,8,4,2,1,11,2,40,8,1
22024,1642261,0022400796,2025-02-20,LAL @ POR,W,13,0,2,0.0,0,1,0.0,0,0,0.0,0,2,2,2,0,0,0,1,0,7,1
22024,1629216,0022400796,2025-02-20,LAL @ POR,W,16,2,7,0.286,1,6,0.167,2,2,1.0,0,1,1,1,1,0,0,3,7,0,1
22024,1629003,0022400796,2025-02-20,LAL @ POR,W,5,0,1,0.0,0,0,0.0,0,0,0.0,0,2,2,0,0,0,0,0,0,0,1
22024,1630692,0022400796,2025-02-20,LAL @ POR,W,20,0,1,0.0,0,1,0.0,0,0,0.0,1,4,5,1,0,0,1,2,0,-8,1
22024,1629637,0022400796,2025-02-20,LAL @ POR,W,28,4,7,0.571,0,0,0.0,1,2,0.5,2,5,7,4,0,1,1,2,9,2,1
22024,1630559,0022400796,2025-02-20,LAL @ POR,W,40,9,21,0.429,2,8,0.25,12,13,0.923,1,0,1,7,2,2,6,2,32,5,1
22024,1629060,0022400808,2025-02-22,LAL @ DEN,W,36,7,12,0.583,4,9,0.444,3,4,0.75,0,0,0,4,1,0,0,2,21,14,1
22024,1641998,0022400808,2025-02-22,LAL @ DEN,W,3,1,2,0.5,0,0,0.0,0,0,0.0,1,0,1,0,0,1,0,0,2,1,1
22024,1627827,0022400808,2025-02-22,LAL @ DEN,W,27,1,5,0.2,1,4,0.25,0,0,0.0,1,3,4,0,2,0,1,2,3,21,1
22024,1629003,0022400808,2025-02-22,LAL @ DEN,W,3,0,0,0.0,0,0,0.0,0,0,0.0,0,1,1,0,0,0,1,0,0,1,1
22024,1629216,0022400808,2025-02-22,LAL @ DEN,W,19,1,4,0.25,1,4,0.25,0,0,0.0,0,2,2,1,1,0,0,2,3,17,1
22024,1629637,0022400808,2025-02-22,LAL @ DEN,W,25,2,3,0.667,0,0,0.0,0,0,0.0,1,3,4,1,1,1,1,3,4,8,1
22024,203458,0022400808,2025-02-22,LAL @ DEN,W,3,0,0,0.0,0,0,0.0,0,0,0.0,0,1,1,0,0,0,0,0,0,1,1
22024,1629020,0022400808,2025-02-22,LAL @ DEN,W,6,0,0,0.0,0,0,0.0,1,2,0.5,1,0,1,2,2,0,0,5,1,1,1
22024,1630559,0022400808,2025-02-22,LAL @ DEN,W,33,7,13,0.538,4,7,0.571,5,6,0.833,1,3,4,7,0,1,2,3,23,13,1
22024,1630692,0022400808,2025-02-22,LAL @ DEN,W,11,2,3,0.667,1,2,0.5,0,0,0.0,1,0,1,0,2,1,0,0,5,6,1
22024,1629029,0022400808,2025-02-22,LAL @ DEN,W,31,10,22,0.455,4,9,0.444,8,8,1.0,1,9,10,7,4,1,1,0,32,20,1
22024,2544,0022400808,2025-02-22,LAL @ DEN,W,33,11,19,0.579,1,4,0.25,2,3,0.667,2,7,9,5,1,3,1,2,25,9,1
22024,1642261,0022400808,2025-02-22,LAL @ DEN,W,9,1,3,0.333,0,2,0.0,2,2,1.0,0,1,1,0,1,1,1,1,4,3,1
22024,1627827,0022400835,2025-02-25,LAL vs. DAL,W,28,1,6,0.167,0,3,0.0,0,0,0.0,4,4,8,2,2,1,1,0,2,-1,1
22024,1630692,0022400835,2025-02-25,LAL vs. DAL,W,6,0,2,0.0,0,1,0.0,1,2,0.5,1,1,2,0,0,1,1,0,1,-2,1
22024,1642261,0022400835,2025-02-25,LAL vs. DAL,W,10,2,5,0.4,1,4,0.25,0,0,0.0,0,0,0,0,0,0,0,0,5,0,1
22024,2544,0022400835,2025-02-25,LAL vs. DAL,W,37,11,17,0.647,2,4,0.5,3,4,0.75,3,9,12,3,1,0,6,2,27,-5,1
22024,1629637,0022400835,2025-02-25,LAL vs. DAL,W,17,4,5,0.8,0,0,0.0,0,0,0.0,1,7,8,0,0,2,1,3,8,8,1
22024,1629216,0022400835,2025-02-25,LAL vs. DAL,W,16,1,6,0.167,0,4,0.0,0,0,0.0,0,0,0,0,1,0,1,1,2,-2,1
22024,1629060,0022400835,2025-02-25,LAL vs. DAL,W,38,6,12,0.5,2,6,0.333,1,2,0.5,1,5,6,0,0,2,1,1,15,19,1
22024,1629029,0022400835,2025-02-25,LAL vs. DAL,W,35,6,17,0.353,1,7,0.143,6,8,0.75,2,13,15,12,3,2,2,2,19,8,1
22024,1630559,0022400835,2025-02-25,LAL vs. DAL,W,38,5,12,0.417,3,8,0.375,7,8,0.875,0,3,3,5,0,0,1,2,20,16,1
22024,1629020,0022400835,2025-02-25,LAL vs. DAL,W,14,3,5,0.6,2,3,0.667,0,0,0.0,1,2,3,2,0,0,0,2,8,-1,1
22024,1630692,0022400849,2025-02-27,LAL vs. MIN,W,13,3,5,0.6,1,2,0.5,0,0,0.0,0,1,1,1,2,0,1,1,7,8,1
22024,1642261,0022400849,2025-02-27,LAL vs. MIN,W,11,0,2,0.0,0,1,0.0,0,2,0.0,0,1,1,0,0,0,0,1,0,-2,1
22024,1629020,0022400849,2025-02-27,LAL vs. MIN,W,13,2,3,0.667,1,2,0.5,0,2,0.0,0,2,2,1,0,0,0,2,5,-17,1
22024,2544,0022400849,2025-02-27,LAL vs. MIN,W,37,11,21,0.524,4,9,0.444,7,10,0.7,5,12,17,6,1,1,4,1,33,12,1
22024,1629060,0022400849,2025-02-27,LAL vs. MIN,W,18,2,6,0.333,1,4,0.25,0,0,0.0,1,2,3,2,0,0,0,0,5,21,1
22024,1627827,0022400849,2025-02-27,LAL vs. MIN,W,31,1,4,0.25,1,4,0.25,0,0,0.0,1,0,1,1,1,0,0,4,3,1,1
22024,1630559,0022400849,2025-02-27,LAL vs. MIN,W,38,5,10,0.5,2,5,0.4,11,12,0.917,3,3,6,5,2,0,4,3,23,9,1
22024,1629216,0022400849,2025-02-27,LAL vs. MIN,W,20,1,6,0.167,0,5,0.0,2,2,1.0,0,1,1,0,0,0,0,1,4,-5,1
22024,1629029,0022400849,2025-02-27,LAL vs. MIN,W,36,6,20,0.3,1,9,0.111,8,12,0.667,2,11,13,5,0,0,3,2,21,0,1
22024,1629637,0022400849,2025-02-27,LAL vs. MIN,W,23,3,5,0.6,0,0,0.0,4,6,0.667,4,3,7,0,1,1,0,3,10,18,1
22024,1642261,0022400859,2025-02-28,LAL vs. LAC,W,18,3,6,0.5,2,3,0.667,0,0,0.0,1,0,1,1,1,0,1,3,8,2,1
22024,1629029,0022400859,2025-02-28,LAL vs. LAC,W,35,9,22,0.409,3,9,0.333,10,11,0.909,1,1,2,5,3,0,6,5,31,-13,1
22024,1629020,0022400859,2025-02-28,LAL vs. LAC,W,15,0,1,0.0,0,0,0.0,3,4,0.75,1,4,5,0,1,0,0,1,3,20,1
22024,2544,0022400859,2025-02-28,LAL vs. LAC,W,37,12,21,0.571,2,7,0.286,2,3,0.667,1,12,13,3,1,0,4,0,28,-1,1
22024,1630692,0022400859,2025-02-28,LAL vs. LAC,W,21,3,7,0.429,0,3,0.0,0,0,0.0,3,2,5,2,3,0,1,2,6,14,1
22024,1629216,0022400859,2025-02-28,LAL vs. LAC,W,26,3,7,0.429,1,4,0.25,0,0,0.0,0,1,1,3,4,1,0,0,7,11,1
22024,1629637,0022400859,2025-02-28,LAL vs. LAC,W,26,2,3,0.667,0,0,0.0,1,2,0.5,0,1,1,2,0,2,2,1,5,-15,1
22024,1641998,0022400859,2025-02-28,LAL vs. LAC,W,22,2,3,0.667,0,0,0.0,1,2,0.5,1,5,6,0,0,1,0,2,5,19,1
22024,1627827,0022400859,2025-02-28,LAL vs. LAC,W,31,3,6,0.5,1,3,0.333,0,0,0.0,2,3,5,3,1,0,1,0,7,-9,1
22024,1630559,0022400859,2025-02-28,LAL vs. LAC,W,9,2,4,0.5,2,4,0.5,0,0,0.0,0,0,0,0,0,1,0,0,6,-8,1
22024,1629216,0022400874,2025-03-02,LAL vs. LAC,W,31,3,10,0.3,3,6,0.5,0,0,0.0,0,3,3,2,1,1,0,3,9,2,1
22024,1629029,0022400874,2025-03-02,LAL vs. LAC,W,37,9,17,0.529,5,12,0.417,6,9,0.667,0,6,6,9,2,0,6,2,29,19,1
22024,1629003,0022400874,2025-03-02,LAL vs. LAC,W,8,2,3,0.667,2,2,1.0,0,0,0.0,0,1,1,0,0,0,0,1,6,-16,1
22024,1642261,0022400874,2025-03-02,LAL vs. LAC,W,25,7,10,0.7,5,8,0.625,0,0,0.0,1,3,4,0,2,0,0,0,19,-13,1
22024,1641998,0022400874,2025-03-02,LAL vs. LAC,W,18,1,2,0.5,0,0,0.0,1,2,0.5,1,1,2,0,0,0,0,5,3,-2,1
22024,1629637,0022400874,2025-03-02,LAL vs. LAC,W,26,2,2,1.0,0,0,0.0,2,3,0.667,2,5,7,0,0,2,2,2,6,11,1
22024,1629020,0022400874,2025-03-02,LAL vs. LAC,W,22,4,7,0.571,0,3,0.0,0,0,0.0,5,4,9,1,0,2,0,1,8,10,1
22024,2544,0022400874,2025-03-02,LAL vs. LAC,W,36,6,17,0.353,1,6,0.167,4,4,1.0,1,4,5,9,2,1,8,2,17,-5,1
22024,1627827,0022400874,2025-03-02,LAL vs. LAC,W,37,4,9,0.444,2,5,0.4,1,2,0.5,1,3,4,0,1,0,0,0,11,24,1
22024,1627827,0022400890,2025-03-04,LAL vs. NOP,W,30,3,10,0.3,2,7,0.286,0,0,0.0,4,1,5,0,0,0,2,1,8,5,1
22024,1629003,0022400890,2025-03-04,LAL vs. NOP,W,19,5,7,0.714,2,4,0.5,0,0,0.0,1,1,2,2,2,0,1,0,12,30,1
22024,1642261,0022400890,2025-03-04,LAL vs. NOP,W,26,5,9,0.556,2,6,0.333,1,2,0.5,1,3,4,3,0,0,0,1,13,2,1
22024,1642355,0022400890,2025-03-04,LAL vs. NOP,W,4,1,3,0.333,0,2,0.0,0,0,0.0,0,1,1,0,0,0,1,0,2,-2,1
22024,1629216,0022400890,2025-03-04,LAL vs. NOP,W,29,1,7,0.143,0,6,0.0,0,0,0.0,0,0,0,3,2,0,0,0,2,-8,1
22024,1629637,0022400890,2025-03-04,LAL vs. NOP,W,24,8,8,1.0,0,0,0.0,3,3,1.0,3,7,10,0,0,0,1,5,19,4,1
22024,1641998,0022400890,2025-03-04,LAL vs. NOP,W,17,2,2,1.0,0,0,0.0,0,0,0.0,3,2,5,2,0,0,0,2,4,7,1
22024,203458,0022400890,2025-03-04,LAL vs. NOP,W,5,0,0,0.0,0,0,0.0,0,0,0.0,0,0,0,0,0,0,0,0,0,-4,1
22024,1629029,0022400890,2025-03-04,LAL vs. NOP,W,34,9,19,0.474,6,13,0.462,6,11,0.545,1,7,8,15,1,1,5,0,30,37,1
22024,2544,0022400890,2025-03-04,LAL vs. NOP,W,33,10,18,0.556,5,10,0.5,9,9,1.0,1,7,8,6,1,2,4,1,34,7,1
22024,1629020,0022400890,2025-03-04,LAL vs. NOP,W,20,4,7,0.571,2,4,0.5,2,2,1.0,3,5,8,1,1,2,0,2,12,27,1
22024,1630559,0022400903,2025-03-06,LAL vs. NYK,W,32,2,13,0.154,1,7,0.143,3,4,0.75,2,4,6,0,0,0,2,3,8,-7,1
22024,1641998,0022400903,2025-03-06,LAL vs. NYK,W,13,3,4,0.75,0,0,0.0,1,2,0.5,1,3,4,0,0,0,2,4,7,-2,1
22024,1629029,0022400903,2025-03-06,LAL vs. NYK,W,43,9,23,0.391,4,12,0.333,10,12,0.833,0,7,7,12,4,0,5,5,32,16,1
22024,1629637,0022400903,2025-03-06,LAL vs. NYK,W,33,3,5,0.6,0,0,0.0,2,2,1.0,1,4,5,3,0,2,2,6,8,5,1
22024,2544,0022400903,2025-03-06,LAL vs. NYK,W,44,11,23,0.478,2,8,0.25,7,8,0.875,1,11,12,8,0,1,1,3,31,4,1
22024,1629216,0022400903,2025-03-06,LAL vs. NYK,W,24,4,5,0.8,4,4,1.0,0,0,0.0,0,1,1,1,0,0,1,3,12,4,1
22024,1642261,0022400903,2025-03-06,LAL vs. NYK,W,21,4,8,0.5,3,7,0.429,0,0,0.0,1,3,4,1,0,0,1,0,11,-1,1
22024,1627827,0022400903,2025-03-06,LAL vs. NYK,W,38,1,5,0.2,0,3,0.0,0,0,0.0,4,1,5,0,1,0,2,1,2,12,1
22024,1629020,0022400903,2025-03-06,LAL vs. NYK,W,17,1,3,0.333,0,1,0.0,0,0,0.0,2,3,5,0,2,1,0,3,2,-11,1
22024,1629020,0022400918,2025-03-08,LAL @ BOS,L,29,2,5,0.4,0,1,0.0,0,1,0.0,2,6,8,2,2,0,2,4,4,0,1
22024,1630692,0022400918,2025-03-08,LAL @ BOS,L,16,2,6,0.333,2,3,0.667,0,0,0.0,2,1,3,0,1,0,2,0,6,6,1
22024,1642261,0022400918,2025-03-08,LAL @ BOS,L,24,4,6,0.667,1,3,0.333,0,0,0.0,1,4,5,1,0,1,0,0,9,9,1
22024,1641998,0022400918,2025-03-08,LAL @ BOS,L,6,0,1,0.0,0,0,0.0,0,0,0.0,0,0,0,0,0,0,0,1,0,5,1
22024,1627827,0022400918,2025-03-08,LAL @ BOS,L,36,3,8,0.375,2,7,0.286,0,0,0.0,0,4,4,0,1,0,0,5,8,-10,1
22024,1629029,0022400918,2025-03-08,LAL @ BOS,L,37,11,22,0.5,5,10,0.5,7,8,0.875,1,7,8,3,1,0,5,2,34,-19,1
22024,2544,0022400918,2025-03-08,LAL @ BOS,L,35,11,23,0.478,0,6,0.0,0,3,0.0,2,12,14,9,0,0,1,3,22,-11,1
22024,1630559,0022400918,2025-03-08,LAL @ BOS,L,39,5,12,0.417,4,7,0.571,2,2,1.0,1,2,3,2,1,0,1,0,16,-12,1
22024,1629216,0022400918,2025-03-08,LAL @ BOS,L,19,1,4,0.25,0,3,0.0,0,0,0.0,0,0,0,1,0,0,1,2,2,-18,1
22024,1630692,0022400930,2025-03-10,LAL @ BKN,L,24,6,8,0.75,5,6,0.833,0,0,0.0,1,7,8,0,1,0,2,3,17,-3,1
22024,1629020,0022400930,2025-03-10,LAL @ BKN,L,27,3,3,1.0,1,1,1.0,0,0,0.0,1,5,6,2,1,0,1,0,7,-7,1
22024,1642261,0022400930,2025-03-10,LAL @ BKN,L,41,8,18,0.444,3,9,0.333,0,2,0.0,0,4,4,1,0,0,1,2,19,10,1
22024,1629029,0022400930,2025-03-10,LAL @ BKN,L,41,8,26,0.308,3,10,0.3,3,4,0.75,1,11,12,12,2,0,5,1,22,3,1
22024,1641998,0022400930,2025-03-10,LAL @ BKN,L,18,1,3,0.333,0,0,0.0,0,0,0.0,1,2,3,0,0,2,1,4,2,1,1
22024,203458,0022400930,2025-03-10,LAL @ BKN,L,13,0,1,0.0,0,0,0.0,0,0,0.0,2,0,2,2,0,1,1,3,0,-4,1
22024,1630559,0022400930,2025-03-10,LAL @ BKN,L,36,3,14,0.214,1,5,0.2,10,11,0.909,2,6,8,10,0,1,3,3,17,-10,1
22024,1629003,0022400930,2025-03-10,LAL @ BKN,L,6,0,0,0.0,0,0,0.0,0,0,0.0,0,0,0,1,0,0,0,0,0,-4,1
22024,1629216,0022400930,2025-03-10,LAL @ BKN,L,34,8,12,0.667,6,9,0.667,2,2,1.0,0,0,0,3,0,0,1,4,24,-1,1
22024,1629216,0022400955,2025-03-13,LAL @ MIL,L,26,3,10,0.3,0,5,0.0,0,0,0.0,0,1,1,1,0,0,0,1,6,-12,1
22024,203458,0022400955,2025-03-13,LAL @ MIL,L,19,1,3,0.333,0,0,0.0,0,0,0.0,1,2,3,1,0,0,1,1,2,-15,1
22024,1630692,0022400955,2025-03-13,LAL @ MIL,L,26,0,2,0.0,0,1,0.0,0,0,0.0,1,3,4,3,0,1,0,3,0,-17,1
22024,1631132,0022400955,2025-03-13,LAL @ MIL,L,15,1,3,0.333,0,1,0.0,0,0,0.0,0,0,0,1,0,2,1,2,2,-1,1
22024,1627827,0022400955,2025-03-13,LAL @ MIL,L,30,2,8,0.25,1,5,0.2,0,0,0.0,1,0,1,0,0,0,1,5,5,-16,1
22024,1629020,0022400955,2025-03-13,LAL @ MIL,L,15,2,4,0.5,0,1,0.0,0,0,0.0,1,2,3,1,0,0,0,0,4,-14,1
22024,1629003,0022400955,2025-03-13,LAL @ MIL,L,4,0,2,0.0,0,1,0.0,0,0,0.0,0,1,1,0,1,0,0,0,0,0,1
22024,202693,0022400955,2025-03-13,LAL @ MIL,L,12,1,4,0.25,1,2,0.5,1,2,0.5,0,1,1,2,0,0,0,3,4,0,1
22024,1629029,0022400955,2025-03-13,LAL @ MIL,L,36,14,27,0.519,7,13,0.538,10,12,0.833,1,10,11,3,2,1,6,2,45,-16,1
22024,1630559,0022400955,2025-03-13,LAL @ MIL,L,36,10,17,0.588,4,7,0.571,4,4,1.0,0,8,8,3,0,0,3,3,28,-6,1
22024,1642261,0022400955,2025-03-13,LAL @ MIL,L,22,4,7,0.571,2,4,0.5,0,0,0.0,0,5,5,3,0,0,1,3,10,-3,1
22024,1630559,0022400965,2025-03-14,LAL @ DEN,L,39,13,26,0.5,4,10,0.4,7,7,1.0,0,8,8,13,4,0,4,3,37,0,1
22024,1642261,0022400965,2025-03-14,LAL @ DEN,L,37,13,27,0.481,5,13,0.385,1,2,0.5,1,1,2,1,0,0,0,5,32,-10,1
22024,1631132,0022400965,2025-03-14,LAL @ DEN,L,20,4,7,0.571,0,0,0.0,0,0,0.0,2,5,7,2,0,1,1,5,8,13,1
22024,1642355,0022400965,2025-03-14,LAL @ DEN,L,16,1,5,0.2,1,5,0.2,2,2,1.0,2,0,2,0,1,0,0,0,5,8,1
22024,202693,0022400965,2025-03-14,LAL @ DEN,L,24,3,11,0.273,1,4,0.25,0,0,0.0,2,3,5,3,0,0,0,2,7,-5,1
22024,1630692,0022400965,2025-03-14,LAL @ DEN,L,34,4,8,0.5,2,3,0.667,0,0,0.0,3,3,6,2,1,1,0,2,10,-8,1
22024,203458,0022400965,2025-03-14,LAL @ DEN,L,12,1,2,0.5,0,0,0.0,0,0,0.0,4,1,5,1,0,0,0,3,2,-8,1
22024,1629003,0022400965,2025-03-14,LAL @ DEN,L,28,7,11,0.636,1,2,0.5,1,1,1.0,1,4,5,3,1,0,2,1,16,10,1
22024,1629020,0022400965,2025-03-14,LAL @ DEN,L,24,3,6,0.5,1,2,0.5,2,4,0.5,4,3,7,7,3,0,1,4,9,-13,1
22024,1630692,0022400977,2025-03-16,LAL vs. PHX,W,28,1,5,0.2,0,3,0.0,0,0,0.0,2,1,3,1,0,2,0,4,2,-3,1
22024,1629020,0022400977,2025-03-16,LAL vs. PHX,W,10,0,1,0.0,0,1,0.0,0,0,0.0,0,3,3,0,0,0,0,1,0,-5,1
22024,1631132,0022400977,2025-03-16,LAL vs. PHX,W,15,1,5,0.2,0,0,0.0,1,2,0.5,0,4,4,0,0,0,1,0,3,-1,1
22024,1642261,0022400977,2025-03-16,LAL vs. PHX,W,16,1,5,0.2,1,3,0.333,0,0,0.0,0,2,2,0,0,0,1,2,3,-4,1
22024,1629029,0022400977,2025-03-16,LAL vs. PHX,W,40,8,20,0.4,4,11,0.364,13,14,0.929,1,10,11,8,2,0,4,4,33,16,1
22024,1629216,0022400977,2025-03-16,LAL vs. PHX,W,27,3,7,0.429,3,5,0.6,0,0,0.0,1,0,1,1,1,0,0,3,9,15,1
22024,1627827,0022400977,2025-03-16,LAL vs. PHX,W,36,3,7,0.429,2,6,0.333,2,4,0.5,1,5,6,3,1,1,0,1,10,16,1
22024,1629637,0022400977,2025-03-16,LAL vs. PHX,W,29,8,10,0.8,0,0,0.0,3,7,0.429,2,4,6,3,1,1,0,4,19,7,1
22024,1630559,0022400977,2025-03-16,LAL vs. PHX,W,39,10,21,0.476,4,10,0.4,4,5,0.8,0,4,4,6,2,1,2,1,28,14,1
22024,1629003,0022400537,2025-03-17,LAL vs. SAS,W,7,1,1,1.0,0,0,0.0,0,0,0.0,0,0,0,1,1,0,0,0,2,4,1
22024,1629020,0022400537,2025-03-17,LAL vs. SAS,W,15,1,2,0.5,0,0,0.0,0,0,0.0,0,1,1,1,0,0,1,1,2,-2,1
22024,1642261,0022400537,2025-03-17,LAL vs. SAS,W,20,4,10,0.4,2,7,0.286,3,4,0.75,1,2,3,3,0,1,0,1,13,-5,1
22024,1627827,0022400537,2025-03-17,LAL vs. SAS,W,28,5,12,0.417,4,8,0.5,1,2,0.5,2,1,3,1,0,0,0,1,15,13,1
22024,1629029,0022400537,2025-03-17,LAL vs. SAS,W,34,5,20,0.25,1,7,0.143,10,13,0.769,2,7,9,14,3,1,3,1,21,19,1
22024,1629637,0022400537,2025-03-17,LAL vs. SAS,W,28,3,5,0.6,0,0,0.0,3,4,0.75,2,9,11,3,2,1,2,1,9,21,1
22024,1629216,0022400537,2025-03-17,LAL vs. SAS,W,28,4,6,0.667,3,5,0.6,0,0,0.0,0,2,2,1,2,0,0,3,11,9,1
22024,1630559,0022400537,2025-03-17,LAL vs. SAS,W,36,12,21,0.571,5,13,0.385,1,1,1.0,0,7,7,6,2,0,2,0,30,18,1
22024,1631132,0022400537,2025-03-17,LAL vs. SAS,W,9,2,2,1.0,0,0,0.0,0,0,0.0,0,2,2,1,0,0,1,0,4,-4,1
22024,1642355,0022400537,2025-03-17,LAL vs. SAS,W,3,1,2,0.5,1,2,0.5,0,0,0.0,0,0,0,0,0,0,0,0,3,-2,1
22024,1630692,0022400537,2025-03-17,LAL vs. SAS,W,33,6,9,0.667,3,6,0.5,0,0,0.0,1,3,4,3,3,1,0,2,15,9,1
22024,1642261,0022401006,2025-03-19,LAL vs. DEN,W,25,4,10,0.4,3,7,0.429,1,2,0.5,0,3,3,1,0,0,0,1,12,-6,1
22024,1627827,0022401006,2025-03-19,LAL vs. DEN,W,30,5,7,0.714,3,4,0.75,1,2,0.5,1,3,4,4,1,0,0,1,14,26,1
22024,1629216,0022401006,2025-03-19,LAL vs. DEN,W,23,4,6,0.667,4,6,0.667,0,0,0.0,0,0,0,1,0,0,1,2,12,7,1
22024,1629003,0022401006,2025-03-19,LAL vs. DEN,W,7,0,4,0.0,0,1,0.0,1,2,0.5,1,0,1,0,0,0,0,1,1,-11,1
22024,1629637,0022401006,2025-03-19,LAL vs. DEN,W,24,3,4,0.75,0,0,0.0,0,2,0.0,2,5,7,0,1,1,0,1,6,11,1
22024,1642355,0022401006,2025-03-19,LAL vs. DEN,W,4,0,0,0.0,0,0,0.0,0,0,0.0,0,0,0,0,0,0,0,0,0,-4,1
22024,1629029,0022401006,2025-03-19,LAL vs. DEN,W,32,10,21,0.476,4,9,0.444,7,10,0.7,0,8,8,7,2,1,6,3,31,20,1
22024,1630559,0022401006,2025-03-19,LAL vs. DEN,W,36,8,16,0.5,2,7,0.286,4,4,1.0,0,5,5,8,2,1,1,2,22,13,1
22024,1629020,0022401006,2025-03-19,LAL vs. DEN,W,18,4,6,0.667,0,1,0.0,2,2,1.0,1,1,2,1,3,0,3,2,10,6,1
22024,1630692,0022401006,2025-03-19,LAL vs. DEN,W,26,2,7,0.286,0,3,0.0,4,4,1.0,1,2,3,3,4,0,1,1,8,1,1
22024,1631132,0022401006,2025-03-19,LAL vs. DEN,W,14,2,2,1.0,0,0,0.0,0,0,0.0,2,3,5,0,0,0,1,3,4,-3,1
22024,1629637,0022400996,2025-03-20,LAL vs. MIL,L,16,4,5,0.8,0,1,0.0,1,2,0.5,0,5,5,3,0,0,1,4,9,-5,1
22024,1629003,0022400996,2025-03-20,LAL vs. MIL,L,23,2,6,0.333,0,1,0.0,0,0,0.0,4,2,6,3,0,0,2,6,4,-37,1
22024,1630692,0022400996,2025-03-20,LAL vs. MIL,L,31,3,8,0.375,2,3,0.667,0,0,0.0,1,7,8,5,1,2,3,0,8,-18,1
22024,1641998,0022400996,2025-03-20,LAL vs. MIL,L,16,2,3,0.667,0,0,0.0,0,0,0.0,2,3,5,0,0,0,1,1,4,-19,1
22024,1629216,0022400996,2025-03-20,LAL vs. MIL,L,25,3,12,0.25,2,7,0.286,1,2,0.5,0,2,2,4,0,0,2,4,9,-6,1
22024,1642355,0022400996,2025-03-20,LAL vs. MIL,L,30,7,10,0.7,2,4,0.5,1,1,1.0,0,3,3,5,0,1,4,4,17,-36,1
22024,1642261,0022400996,2025-03-20,LAL vs. MIL,L,31,5,14,0.357,3,6,0.5,4,5,0.8,0,4,4,3,1,0,3,0,17,-10,1
22024,203458,0022400996,2025-03-20,LAL vs. MIL,L,17,4,7,0.571,1,2,0.5,1,4,0.25,4,5,9,1,1,0,3,4,10,-4,1
22024,202693,0022400996,2025-03-20,LAL vs. MIL,L,28,3,11,0.273,1,7,0.143,2,2,1.0,1,3,4,2,0,1,0,2,9,7,1
22024,1642261,0022401028,2025-03-22,LAL vs. CHI,L,7,2,4,0.5,2,3,0.667,0,0,0.0,0,1,1,1,1,0,0,1,6,-8,1
22024,1627827,0022401028,2025-03-22,LAL vs. CHI,L,21,1,4,0.25,0,3,0.0,0,0,0.0,0,2,2,1,1,1,2,5,2,-19,1
22024,1630559,0022401028,2025-03-22,LAL vs. CHI,L,34,9,13,0.692,3,7,0.429,4,4,1.0,1,1,2,5,0,0,2,0,25,-21,1
22024,1629060,0022401028,2025-03-22,LAL vs. CHI,L,18,2,6,0.333,1,4,0.25,0,0,0.0,0,2,2,0,1,0,0,0,5,-4,1
22024,1629020,0022401028,2025-03-22,LAL vs. CHI,L,11,0,2,0.0,0,1,0.0,0,0,0.0,1,1,2,0,0,0,3,2,0,-9,1
22024,1629637,0022401028,2025-03-22,LAL vs. CHI,L,25,5,6,0.833,0,0,0.0,0,1,0.0,0,4,4,2,1,0,0,2,10,-17,1
22024,1630692,0022401028,2025-03-22,LAL vs. CHI,L,15,1,3,0.333,0,1,0.0,2,2,1.0,2,1,3,1,1,0,0,3,4,-4,1
22024,1629029,0022401028,2025-03-22,LAL vs. CHI,L,32,10,18,0.556,8,13,0.615,6,8,0.75,4,4,8,6,0,0,7,1,34,-9,1
22024,1642355,0022401028,2025-03-22,LAL vs. CHI,L,7,0,4,0.0,0,2,0.0,2,2,1.0,0,0,0,1,0,0,0,1,2,-8,1
22024,2544,0022401028,2025-03-22,LAL vs. CHI,L,31,7,16,0.438,1,2,0.5,2,5,0.4,0,6,6,4,3,0,5,1,17,-27,1
22024,203458,0022401028,2025-03-22,LAL vs. CHI,L,7,0,0,0.0,0,0,0.0,0,0,0.0,0,1,1,0,0,0,1,0,0,-8,1
22024,1629216,0022401028,2025-03-22,LAL vs. CHI,L,19,2,4,0.5,2,4,0.5,0,0,0.0,1,2,3,0,0,0,1,0,6,-5,1
22024,1629003,0022401028,2025-03-22,LAL vs. CHI,L,7,1,3,0.333,0,1,0.0,0,0,0.0,0,1,1,1,0,0,0,0,2,-8,1
22024,202693,0022401028,2025-03-22,LAL vs. CHI,L,7,1,2,0.5,0,0,0.0,0,0,0.0,0,0,0,1,0,0,0,0,2,-8,1
22024,1629029,0022401038,2025-03-24,LAL @ ORL,L,38,9,23,0.391,4,10,0.4,10,11,0.909,0,7,7,7,1,0,3,2,32,-9,1
22024,1641998,0022401038,2025-03-24,LAL @ ORL,L,1,0,0,0.0,0,0,0.0,0,0,0.0,0,0,0,0,0,0,0,0,0,0,1
22024,1629060,0022401038,2025-03-24,LAL @ ORL,L,24,2,4,0.5,0,2,0.0,1,2,0.5,1,2,3,0,1,0,1,1,5,-1,1
22024,1629216,0022401038,2025-03-24,LAL @ ORL,L,20,2,6,0.333,0,4,0.0,0,0,0.0,0,1,1,0,2,0,0,4,4,-2,1
22024,1630692,0022401038,2025-03-24,LAL @ ORL,L,13,0,0,0.0,0,0,0.0,1,2,0.5,1,0,1,0,0,0,0,0,1,0,1
22024,1630559,0022401038,2025-03-24,LAL @ ORL,L,36,7,16,0.438,1,6,0.167,3,4,0.75,0,6,6,4,0,0,3,4,18,-7,1
22024,1627827,0022401038,2025-03-24,LAL @ ORL,L,35,5,7,0.714,4,6,0.667,0,0,0.0,3,4,7,0,2,0,0,0,14,-6,1
22024,1629637,0022401038,2025-03-24,LAL @ ORL,L,18,2,4,0.5,0,0,0.0,0,0,0.0,2,2,4,0,0,1,1,5,4,-10,1
22024,2544,0022401038,2025-03-24,LAL @ ORL,L,38,9,18,0.5,0,3,0.0,6,7,0.857,3,3,6,7,0,0,2,0,24,-17,1
22024,1629020,0022401038,2025-03-24,LAL @ ORL,L,12,0,1,0.0,0,0,0.0,1,2,0.5,1,3,4,1,1,0,0,3,1,-2,1
22024,1642261,0022401038,2025-03-24,LAL @ ORL,L,5,1,1,1.0,1,1,1.0,0,0,0.0,0,0,0,0,0,0,0,1,3,-6,1
22024,1627827,0022401055,2025-03-26,LAL @ IND,W,31,4,7,0.571,3,5,0.6,0,0,0.0,0,3,3,1,2,1,2,4,11,-1,1
22024,1629029,0022401055,2025-03-26,LAL @ IND,W,38,11,21,0.524,6,10,0.6,6,7,0.857,0,7,7,7,0,1,3,2,34,-16,1
22024,2544,0022401055,2025-03-26,LAL @ IND,W,38,4,12,0.333,0,3,0.0,5,5,1.0,3,10,13,7,1,0,1,1,13,5,1
22024,1629060,0022401055,2025-03-26,LAL @ IND,W,28,4,5,0.8,4,4,1.0,2,2,1.0,0,4,4,1,0,0,1,2,14,-2,1
22024,1642261,0022401055,2025-03-26,LAL @ IND,W,5,1,1,1.0,1,1,1.0,0,0,0.0,0,1,1,0,0,0,0,0,3,18,1
22024,1629216,0022401055,2025-03-26,LAL @ IND,W,22,2,6,0.333,2,5,0.4,0,0,0.0,0,1,1,0,1,0,1,2,6,-8,1
22024,1630692,0022401055,2025-03-26,LAL @ IND,W,7,1,4,0.25,0,1,0.0,0,0,0.0,2,0,2,1,0,0,1,1,2,-8,1
22024,1629020,0022401055,2025-03-26,LAL @ IND,W,16,0,1,0.0,0,1,0.0,0,0,0.0,2,4,6,3,0,0,0,4,0,24,1
22024,1629637,0022401055,2025-03-26,LAL @ IND,W,18,6,6,1.0,0,0,0.0,1,3,0.333,0,2,2,1,0,1,1,3,13,-13,1
22024,1630559,0022401055,2025-03-26,LAL @ IND,W,36,8,16,0.5,1,8,0.125,7,7,1.0,1,3,4,5,1,0,4,3,24,6,1
22024,1629637,0022401063,2025-03-27,LAL @ CHI,L,32,9,11,0.818,0,0,0.0,1,2,0.5,3,5,8,1,0,1,0,3,19,-9,1
22024,1630559,0022401063,2025-03-27,LAL @ CHI,L,37,10,17,0.588,3,9,0.333,7,7,1.0,0,1,1,3,0,2,2,4,30,-10,1
22024,1629216,0022401063,2025-03-27,LAL @ CHI,L,14,3,6,0.5,2,5,0.4,0,0,0.0,0,2,2,0,0,0,0,3,8,13,1
22024,1642261,0022401063,2025-03-27,LAL @ CHI,L,12,0,2,0.0,0,2,0.0,0,0,0.0,0,3,3,1,0,0,0,1,0,5,1
22024,1630692,0022401063,2025-03-27,LAL @ CHI,L,18,3,4,0.75,2,3,0.667,0,0,0.0,0,2,2,2,1,2,1,3,8,3,1
22024,1627827,0022401063,2025-03-27,LAL @ CHI,L,30,1,5,0.2,1,5,0.2,0,0,0.0,0,4,4,2,1,0,3,1,3,-10,1
22024,1629029,0022401063,2025-03-27,LAL @ CHI,L,38,8,22,0.364,4,12,0.333,5,6,0.833,0,10,10,8,2,1,1,0,25,-1,1
22024,2544,0022401063,2025-03-27,LAL @ CHI,L,39,8,20,0.4,0,5,0.0,1,2,0.5,1,4,5,12,2,0,4,1,17,-10,1
22024,1629020,0022401063,2025-03-27,LAL @ CHI,L,19,3,4,0.75,0,0,0.0,1,1,1.0,2,3,5,1,2,1,0,3,7,9,1
22024,1629060,0022401078,2025-03-29,LAL @ MEM,W,28,5,8,0.625,3,5,0.6,0,0,0.0,0,3,3,0,0,1,0,1,13,-3,1
22024,1642261,0022401078,2025-03-29,LAL @ MEM,W,5,1,2,0.5,0,1,0.0,0,0,0.0,1,0,1,2,0,0,0,1,2,3,1
22024,1629029,0022401078,2025-03-29,LAL @ MEM,W,38,8,18,0.444,2,9,0.222,11,12,0.917,0,8,8,9,2,0,3,3,29,11,1
22024,1629637,0022401078,2025-03-29,LAL @ MEM,W,17,1,1,1.0,0,0,0.0,0,0,0.0,0,5,5,0,0,0,1,4,2,3,1
22024,1629216,0022401078,2025-03-29,LAL @ MEM,W,23,5,7,0.714,4,6,0.667,1,1,1.0,1,1,2,1,1,0,1,3,15,9,1
22024,2544,0022401078,2025-03-29,LAL @ MEM,W,37,10,21,0.476,2,5,0.4,3,4,0.75,1,5,6,8,3,1,3,3,25,-1,1
22024,1629020,0022401078,2025-03-29,LAL @ MEM,W,10,3,5,0.6,0,1,0.0,0,0,0.0,1,3,4,1,0,0,1,2,6,-1,1
22024,1630692,0022401078,2025-03-29,LAL @ MEM,W,8,0,2,0.0,0,1,0.0,0,0,0.0,1,0,1,0,0,0,0,0,0,4,1
22024,1627827,0022401078,2025-03-29,LAL @ MEM,W,35,4,9,0.444,3,7,0.429,0,0,0.0,0,5,5,1,0,0,1,2,11,15,1
22024,1630559,0022401078,2025-03-29,LAL @ MEM,W,37,8,16,0.5,5,8,0.625,10,10,1.0,3,4,7,8,1,1,3,2,31,-5,1
22024,1629029,0022401096,2025-03-31,LAL vs. HOU,W,38,6,16,0.375,1,7,0.143,7,9,0.778,0,6,6,9,2,0,3,5,20,7,1
22024,1627827,0022401096,2025-03-31,LAL vs. HOU,W,32,6,13,0.462,6,11,0.545,2,2,1.0,1,5,6,3,2,3,1,2,20,16,1
22024,1630559,0022401096,2025-03-31,LAL vs. HOU,W,39,5,11,0.455,0,3,0.0,2,2,1.0,1,7,8,3,2,0,1,1,12,8,1
22024,1629637,0022401096,2025-03-31,LAL vs. HOU,W,14,1,2,0.5,0,0,0.0,1,1,1.0,1,2,3,1,0,0,2,2,3,-9,1
22024,1630692,0022401096,2025-03-31,LAL vs. HOU,W,12,2,5,0.4,0,2,0.0,0,0,0.0,1,1,2,1,0,0,1,1,4,-4,1
22024,1629216,0022401096,2025-03-31,LAL vs. HOU,W,24,6,14,0.429,6,13,0.462,2,2,1.0,2,2,4,1,1,1,0,1,20,8,1
22024,1629020,0022401096,2025-03-31,LAL vs. HOU,W,10,1,6,0.167,0,0,0.0,0,0,0.0,4,2,6,0,0,0,0,1,2,-4,1
22024,2544,0022401096,2025-03-31,LAL vs. HOU,W,38,5,12,0.417,2,4,0.5,4,4,1.0,0,8,8,4,2,2,3,1,16,9,1
22024,1642261,0022401096,2025-03-31,LAL vs. HOU,W,4,0,0,0.0,0,0,0.0,0,0,0.0,0,0,0,0,0,0,0,0,0,-1,1
22024,1629060,0022401096,2025-03-31,LAL vs. HOU,W,31,3,10,0.3,1,6,0.167,0,0,0.0,0,2,2,0,2,0,0,1,7,0,1
22024,1630559,0022401117,2025-04-03,LAL vs. GSW,L,40,10,20,0.5,9,16,0.563,2,3,0.667,1,5,6,3,1,0,0,5,31,2,1
22024,1629637,0022401117,2025-04-03,LAL vs. GSW,L,15,1,4,0.25,0,0,0.0,0,0,0.0,2,1,3,0,1,0,0,2,2,3,1
22024,1627827,0022401117,2025-04-03,LAL vs. GSW,L,29,1,6,0.167,0,5,0.0,0,0,0.0,1,0,1,1,0,1,1,4,2,-14,1
22024,1629029,0022401117,2025-04-03,LAL vs. GSW,L,38,6,17,0.353,0,6,0.0,7,7,1.0,2,6,8,7,0,1,1,3,19,-3,1
22024,2544,0022401117,2025-04-03,LAL vs. GSW,L,40,10,15,0.667,5,8,0.625,8,9,0.889,1,4,5,9,1,1,4,2,33,-1,1
22024,1629216,0022401117,2025-04-03,LAL vs. GSW,L,17,1,5,0.2,1,5,0.2,0,0,0.0,0,0,0,0,0,0,1,3,3,-14,1
22024,1629060,0022401117,2025-04-03,LAL vs. GSW,L,34,9,15,0.6,3,6,0.5,3,4,0.75,3,3,6,3,0,0,1,2,24,-1,1
22024,1630692,0022401117,2025-04-03,LAL vs. GSW,L,14,0,1,0.0,0,0,0.0,0,0,0.0,1,2,3,0,2,0,0,1,0,0,1
22024,1629020,0022401117,2025-04-03,LAL vs. GSW,L,13,1,3,0.333,0,1,0.0,0,0,0.0,3,4,7,0,0,0,0,1,2,-7,1
22024,1630559,0022401126,2025-04-04,LAL vs. NOP,W,36,8,13,0.615,6,9,0.667,8,9,0.889,1,2,3,7,1,0,1,1,30,17,1
22024,1630692,0022401126,2025-04-04,LAL vs. NOP,W,18,1,4,0.25,0,3,0.0,0,0,0.0,2,3,5,2,1,0,2,4,2,7,1
22024,2544,0022401126,2025-04-04,LAL vs. NOP,W,33,9,17,0.529,2,7,0.286,7,8,0.875,0,0,0,8,2,0,1,1,27,7,1
22024,1627827,0022401126,2025-04-04,LAL vs. NOP,W,32,2,4,0.5,1,3,0.333,0,0,0.0,0,2,2,2,0,0,1,2,5,3,1
22024,1629029,0022401126,2025-04-04,LAL vs. NOP,W,36,10,21,0.476,4,10,0.4,11,11,1.0,0,6,6,6,0,0,2,2,35,12,1
22024,1629003,0022401126,2025-04-04,LAL vs. NOP,W,2,0,0,0.0,0,0,0.0,0,0,0.0,0,0,0,0,0,0,0,0,0,-1,1
22024,1629216,0022401126,2025-04-04,LAL vs. NOP,W,18,2,4,0.5,1,3,0.333,0,0,0.0,2,1,3,1,1,0,1,3,5,6,1
22024,1629637,0022401126,2025-04-04,LAL vs. NOP,W,24,3,4,0.75,0,0,0.0,0,0,0.0,1,11,12,0,1,2,1,4,6,8,1
22024,1629020,0022401126,2025-04-04,LAL vs. NOP,W,16,1,2,0.5,0,0,0.0,0,0,0.0,1,2,3,0,0,0,1,0,2,11,1
22024,1641998,0022401126,2025-04-04,LAL vs. NOP,W,5,0,0,0.0,0,0,0.0,0,0,0.0,0,1,1,0,1,0,1,1,0,-2,1
22024,1642261,0022401126,2025-04-04,LAL vs. NOP,W,20,5,10,0.5,2,6,0.333,0,0,0.0,1,0,1,0,0,0,1,0,12,12,1
22024,1627827,0022401135,2025-04-06,LAL @ OKC,W,30,4,5,0.8,4,5,0.8,2,2,1.0,0,7,7,2,0,0,1,2,14,28,1
22024,1629020,0022401135,2025-04-06,LAL @ OKC,W,15,0,1,0.0,0,0,0.0,3,4,0.75,1,1,2,1,2,0,2,1,3,4,1
22024,1629637,0022401135,2025-04-06,LAL @ OKC,W,13,3,4,0.75,0,0,0.0,1,4,0.25,1,4,5,0,0,0,2,2,7,10,1
22024,1629060,0022401135,2025-04-06,LAL @ OKC,W,32,4,10,0.4,2,6,0.333,1,1,1.0,2,5,7,1,0,1,1,3,11,8,1
22024,1642355,0022401135,2025-04-06,LAL @ OKC,W,2,1,1,1.0,1,1,1.0,0,0,0.0,0,1,1,0,0,0,0,0,3,4,1
22024,2544,0022401135,2025-04-06,LAL @ OKC,W,34,9,16,0.563,1,1,1.0,0,0,0.0,2,1,3,7,1,0,2,0,19,7,1
22024,1630692,0022401135,2025-04-06,LAL @ OKC,W,9,2,4,0.5,0,0,0.0,0,0,0.0,1,4,5,2,0,0,2,0,4,12,1
22024,1629029,0022401135,2025-04-06,LAL @ OKC,W,37,11,20,0.55,5,11,0.455,3,4,0.75,1,6,7,6,2,0,2,2,30,18,1
22024,1629216,0022401135,2025-04-06,LAL @ OKC,W,26,4,7,0.571,4,7,0.571,0,0,0.0,0,3,3,3,0,0,0,3,12,21,1
22024,1642261,0022401135,2025-04-06,LAL @ OKC,W,5,1,1,1.0,1,1,1.0,0,0,0.0,0,0,0,0,0,0,0,1,3,5,1
22024,1631132,0022401135,2025-04-06,LAL @ OKC,W,2,0,0,0.0,0,0,0.0,0,0,0.0,0,1,1,0,0,0,0,0,0,4,1
22024,1630559,0022401135,2025-04-06,LAL @ OKC,W,34,7,15,0.467,4,8,0.5,2,2,1.0,0,2,2,3,1,1,3,1,20,14,1
22024,1629637,0022401153,2025-04-08,LAL @ OKC,L,27,3,4,0.75,0,0,0.0,1,2,0.5,2,4,6,2,0,2,1,2,7,-1,1
22024,1631132,0022401153,2025-04-08,LAL @ OKC,L,2,0,0,0.0,0,0,0.0,2,2,1.0,0,1,1,0,0,0,0,0,2,1,1
22024,1642261,0022401153,2025-04-08,LAL @ OKC,L,14,1,4,0.25,1,2,0.5,0,0,0.0,0,3,3,0,0,0,0,0,3,-1,1
22024,1629216,0022401153,2025-04-08,LAL @ OKC,L,25,2,7,0.286,1,6,0.167,0,0,0.0,0,0,0,2,1,0,0,2,5,-10,1
22024,1629020,0022401153,2025-04-08,LAL @ OKC,L,20,3,5,0.6,0,0,0.0,2,4,0.5,8,4,12,1,0,2,3,3,8,-17,1
22024,1641998,0022401153,2025-04-08,LAL @ OKC,L,2,1,1,1.0,0,0,0.0,0,0,0.0,1,0,1,0,0,0,0,0,2,1,1
22024,1630559,0022401153,2025-04-08,LAL @ OKC,L,38,6,12,0.5,4,7,0.571,8,12,0.667,1,4,5,5,0,0,4,4,24,-19,1
22024,1629029,0022401153,2025-04-08,LAL @ OKC,L,31,7,15,0.467,3,7,0.429,6,7,0.857,0,3,3,5,0,1,3,1,23,6,1
22024,1627827,0022401153,2025-04-08,LAL @ OKC,L,32,4,8,0.5,4,8,0.5,0,0,0.0,0,2,2,2,0,1,0,1,12,-13,1
22024,2544,0022401153,2025-04-08,LAL @ OKC,L,35,8,19,0.421,3,6,0.5,9,10,0.9,0,7,7,3,1,0,6,1,28,-23,1
22024,1630692,0022401153,2025-04-08,LAL @ OKC,L,13,2,5,0.4,2,4,0.5,0,0,0.0,0,4,4,1,0,0,1,1,6,-5,1
22024,1629003,0022401153,2025-04-08,LAL @ OKC,L,2,0,0,0.0,0,0,0.0,0,0,0.0,0,1,1,0,0,0,0,0,0,1,1
22024,1630559,0022401159,2025-04-09,LAL @ DAL,W,38,4,10,0.4,1,5,0.2,2,2,1.0,2,2,4,4,1,0,2,3,11,19,1
22024,1629029,0022401159,2025-04-09,LAL @ DAL,W,38,16,28,0.571,7,10,0.7,6,9,0.667,1,7,8,6,4,0,3,4,45,26,1
22024,1629060,0022401159,2025-04-09,LAL @ DAL,W,38,5,10,0.5,3,7,0.429,2,2,1.0,0,2,2,2,1,0,1,2,15,21,1
22024,1642355,0022401159,2025-04-09,LAL @ DAL,W,2,0,0,0.0,0,0,0.0,0,0,0.0,0,0,0,1,0,0,0,1,0,0,1
22024,2544,0022401159,2025-04-09,LAL @ DAL,W,36,11,20,0.55,0,4,0.0,5,6,0.833,2,5,7,3,1,0,2,2,27,18,1
22024,1629216,0022401159,2025-04-09,LAL @ DAL,W,17,1,5,0.2,0,3,0.0,0,0,0.0,0,1,1,0,0,0,0,0,2,-16,1
22024,1630692,0022401159,2025-04-09,LAL @ DAL,W,9,0,1,0.0,0,1,0.0,0,0,0.0,1,1,2,0,2,0,1,1,0,-2,1
22024,1629637,0022401159,2025-04-09,LAL @ DAL,W,14,1,3,0.333,0,0,0.0,1,2,0.5,3,2,5,0,2,0,0,2,3,-9,1
22024,1627827,0022401159,2025-04-09,LAL @ DAL,W,33,2,8,0.25,1,6,0.167,0,0,0.0,4,1,5,5,1,0,0,0,5,29,1
22024,1641998,0022401159,2025-04-09,LAL @ DAL,W,2,0,0,0.0,0,0,0.0,0,0,0.0,0,0,0,0,0,0,0,0,0,-1,1
22024,1629020,0022401159,2025-04-09,LAL @ DAL,W,13,1,4,0.25,0,0,0.0,0,0,0.0,2,3,5,1,2,0,0,1,2,-9,1
22024,1642261,0022401159,2025-04-09,LAL @ DAL,W,2,1,1,1.0,0,0,0.0,0,0,0.0,0,0,0,0,0,0,0,0,2,-1,1
22024,1629060,0022401185,2025-04-11,LAL vs. HOU,W,32,6,8,0.75,1,2,0.5,3,4,0.75,0,5,5,1,0,0,0,2,16,15,1
22024,1630692,0022401185,2025-04-11,LAL vs. HOU,W,23,1,4,0.25,1,3,0.333,0,0,0.0,0,6,6,3,0,0,1,1,3,21,1
22024,1641998,0022401185,2025-04-11,LAL vs. HOU,W,4,1,1,1.0,0,0,0.0,0,0,0.0,1,2,3,1,0,0,0,0,2,8,1
22024,1642261,0022401185,2025-04-11,LAL vs. HOU,W,4,2,3,0.667,1,1,1.0,0,0,0.0,1,0,1,0,0,0,0,1,5,6,1
22024,1629029,0022401185,2025-04-11,LAL vs. HOU,W,31,13,19,0.684,5,9,0.556,8,14,0.571,0,8,8,7,1,0,4,1,39,15,1
22024,1642355,0022401185,2025-04-11,LAL vs. HOU,W,4,1,4,0.25,1,1,1.0,0,0,0.0,0,1,1,1,0,0,0,0,3,6,1
22024,2544,0022401185,2025-04-11,LAL vs. HOU,W,22,6,11,0.545,1,4,0.25,1,1,1.0,0,4,4,8,1,0,1,1,14,5,1
22024,1629637,0022401185,2025-04-11,LAL vs. HOU,W,12,3,3,1.0,0,0,0.0,1,4,0.25,1,0,1,0,0,0,0,2,7,1,1
22024,1629003,0022401185,2025-04-11,LAL vs. HOU,W,4,1,2,0.5,0,0,0.0,0,0,0.0,0,1,1,0,1,0,0,0,2,8,1
22024,1627827,0022401185,2025-04-11,LAL vs. HOU,W,30,6,9,0.667,6,8,0.75,0,0,0.0,0,0,0,0,3,0,0,1,18,16,1
22024,1630559,0022401185,2025-04-11,LAL vs. HOU,W,33,9,15,0.6,3,6,0.5,2,2,1.0,0,7,7,6,2,0,5,2,23,17,1
22024,1629216,0022401185,2025-04-11,LAL vs. HOU,W,21,0,3,0.0,0,3,0.0,0,0,0.0,0,1,1,1,1,0,0,1,0,25,1
22024,1629020,0022401185,2025-04-11,LAL vs. HOU,W,19,4,5,0.8,0,0,0.0,0,0,0.0,1,3,4,0,2,1,1,3,8,12,1
22024,203458,0022401199,2025-04-13,LAL @ POR,L,14,2,4,0.5,0,1,0.0,0,0,0.0,0,2,2,1,0,1,3,6,4,-15,1
22024,202693,0022401199,2025-04-13,LAL @ POR,L,33,5,10,0.5,1,3,0.333,0,0,0.0,0,4,4,6,1,1,2,4,11,-17,1
22024,1642355,0022401199,2025-04-13,LAL @ POR,L,38,2,10,0.2,0,2,0.0,0,0,0.0,1,2,3,6,4,0,3,1,4,-23,1
22024,1630692,0022401199,2025-04-13,LAL @ POR,L,30,5,14,0.357,2,5,0.4,0,0,0.0,2,5,7,4,2,0,2,0,12,-18,1
22024,1631132,0022401199,2025-04-13,LAL @ POR,L,19,2,4,0.5,0,1,0.0,0,2,0.0,3,5,8,0,1,5,0,3,4,-1,1
22024,1642261,0022401199,2025-04-13,LAL @ POR,L,37,9,21,0.429,5,12,0.417,4,4,1.0,2,6,8,0,0,2,2,1,27,-28,1
22024,1641998,0022401199,2025-04-13,LAL @ POR,L,25,1,2,0.5,0,0,0.0,1,2,0.5,4,4,8,1,0,1,5,4,3,-13,1
22024,1629003,0022401199,2025-04-13,LAL @ POR,L,43,5,15,0.333,1,4,0.25,5,6,0.833,1,1,2,3,1,1,3,2,16,-25,1
